kr,en
,
,"""Dru"""
,"""Suzy"""
,"""Thomas"""
,'Kis
,(Korean
,(Wonji)
,(아리)
,(이택근)
,.Paak
,1G
,250
,A
,A.
,A.J.
,AHN
,ALI
,APELES
,ARP
,ARTIC
,ATSUSHI
,AYDEN
,Aalia
,Aarif
,Aaron
,Abbas
,Abby
,Abe
,Abel
,Abera
,Abigail
,Abner
,Abu
,Acar
,Acey
,Achabbakhe
,Achbadrakh
,Adachi
,Adam
,Adams
,Adassovsky
,Adela
,Adelyn
,Adilbish
,Adiltsetseg
,Adina
,Aditya
,Adiyadorj
,Adnan
,Adria
,Adrian
,Adriana
,Adrián
,Ae
,Aedel
,Aeri
,Aerok
,Afolabi
,Agata
,Agatha
,Agnes
,Agnew
,Agnès
,Aguilar
,Agustina
,Ah
,Ahlam
,Ahlem
,Ahmed
,Ahmedov
,Ahn
,Ahnwoo
,Ahyoung
,Ai
,Aica
,Aicha
,Aiki
,Ailee
,Ailín
,Aimee
,Aing
,Aino
,Ainsworth
,Aires
,Airi
,Aizawa
,Ajaka
,Akaboshi
,Akekarat
,Aki
,Akiba
,Akihiro
,Akihito
,Akiho
,Akiko
,Akin
,Akinori
,Akira
,Akiyama
,Akoka
,Akritchalerm
,Al
,Alacapa
,Alain
,Alainée
,Alam
,Alan
,Alastair
,Alavez
,Alba
,Albert
,Alberto
,Albrechtsen
,Albright
,Alcott
,Aldarmaa
,Alderete
,AleXa
,Aleha
,Alejandro
,Aleksandar
,Aleksander
,Aleksandrov
,Alena
,Ales
,Aleshaiker
,Alessandro
,Alex
,Alexa
,Alexander
,Alexandra
,Alexandre
,Alexis
,Alf
,Alfonso
,Ali
,Alice
,Alicia
,Aliksanian
,Aline
,Alisa
,Alison
,Allan
,Allen
,Almazan
,Aloysius
,Altan
,Alvarez
,Alverson
,Alycia
,Alym
,Alyssa
,Am
,Amanda
,Amari
,Amaryllis
,Amatsuka
,Amber
,Ami
,Amino
,Amorneak
,Amy
,An
,Ana
,Anabel
,Anais
,Anan
,Ananda
,Anar
,Anas
,AndUp
,Andersen
,Anderson
,Andras
,Andrau
,Andre
,Andrea
,Andreas
,Andreea
,Andrew
,Andrés
,Andy
,Angdu
,Angel
,Angela
,Angelene
,Angelica
,Angelina
,Angelo
,Anggi
,Angie
,Angkul
,Anglee
,Angus
,Anh
,Anita
,Anitia
,Anitunes
,Anlian
,Ann
,Anna
,Anne
,Annie
,Annika
,Anoba
,Anri
,Anselmo
,Anthony
,Antoine
,Anton
,Antonin
,Antonio
,Antony
,António
,Anujin
,Anupam
,Anusak
,Anweis
,Anwesha
,Anzardi
,Anzu
,Ao
,Aoba
,Aoi
,Aoife
,Aoki
,Aoyama
,Ap
,Apichatpong
,Apisit
,Aporia
,Aprilann
,Aquiles
,Aquino
,Ara
,Arai
,Aram
,Aramin
,Aramis
,Arang
,Aras
,Arcache
,Archana
,Archie
,Arden
,Areno
,Arens
,Areum
,Arfaoui
,Ari
,Ariane
,Arielle
,Aripin
,Arisu
,Arjona
,Armiliah
,Armin
,Armitage
,Arnado
,Arndt
,Aromi
,Arong
,Arriaga
,Art
,Arteta
,Arthur
,Artie
,Arts
,Artur
,Arum
,Arvin
,Aryaman
,Asa
,Asada
,Asaduzzman
,Asahi
,Asai
,Asakura
,Asami
,Asano
,Aseo
,Ashleigh
,Ashley
,Ashminov
,Ashton
,Aska
,Asner
,Assis
,Astari
,Astro
,Astruc
,Asuka
,Aswathep
,Atakoğlu
,Atay
,Atkins
,Ator
,Atsma
,Atsuro
,Au
,Audrey
,Augustino
,Austin
,Autar
,Auto
,Avalos
,Avanoğlu
,Avery
,Avila
,Avril
,Awata
,Awe
,Axel
,Aya
,Ayaka
,Ayami
,Ayana
,Ayanna
,Ayano
,Ayder
,Ayeong
,Ayguadé
,Ayoung
,Ayse
,Ayu
,Ayumi
,Azangman
,Azar
,Azees
,Azuko
,Azzolino
,B
,B.
,B.I
,BAEK
,BE'O
,BEFF
,BIBI
,BORN
,BUFFY
,Ba
,Babin
,Baby
,Bach
,Back
,Bacon
,Baculi
,Bada
,Badamsed
,Badelt
,Badufle
,Bae
,Baeg
,Baek
,Baekdu
,Baekho
,Baekhyun
,Baekseung
,Bag
,Bahadur
,Bahiyyih
,Bahk
,Bahman
,Bahodir
,Bai
,Baiba
,Baik
,Bailey
,Baiyi
,Bak
,Bakchul
,Balabanov
,Baldwin
,Ballinger
,Ballo
,Balogun
,Ban
,Banana
,Banerjee
,Bang
,Banjo
,Bannon
,Banpark
,Bao
,Baoneng
,Baptista
,Bar
,Baran
,Barbara
,Barbosa
,Barden
,Bark
,Barkın
,Barr
,Barreto
,Barrett
,Barri
,Barron
,Barry
,Basile
,Basnet
,Bass
,Bassam
,Basso
,Bassols
,Bat
,Batinna
,Batmunkh
,Batres
,Battle
,Baud
,Baudelaire
,Bauer
,Baumgartner
,Baur
,Bay
,Bayasgalan
,Baz
,Bazhan
,Bazsali
,Bbaek
,Bbang
,Bboung
,Bea
,Beach
,Beak
,Beale
,Beatrice
,Beau
,Beaudreau
,Beauregard
,Beck
,Beckerman
,Becky
,Bee
,Beem
,Been
,Beenzino
,Beermann
,Behlmer
,Behr
,Bei
,Beirne
,Bek
,Bekmambetov
,Belhadj
,Bell
,Bella
,Belle
,BelowPar
,Beltrami
,Belyakov
,Bembol
,Ben
,Benavente
,Benchemsi
,Bender
,Benedict
,Bengson
,Beni
,Benito
,Benjamin
,Bennett
,Benny
,Benoit
,Benson
,Benssalah
,Benyó
,Beom
,Bergin
,Berkeley
,Berker
,Berki
,Bernacchi
,Bernard
,Bernarde
,Bernardo
,Bernst
,Berry
,Bertrand
,Bertót
,Besnehard
,Beth
,Betoulaud
,Bettina
,Betty
,BewhY
,Beya
,Bhuiyan
,Bhuwakul
,Bi
,Bich
,Biern
,Big
,Bigorgne
,Bilguun
,Bill
,Billen
,Billingslea
,Billy
,Bin
,Binaeseung
,Bing
,Bingbing
,Biqing
,Birkin
,Birnbaum
,Birsel
,Bishop
,Bisset
,Biswakarma
,Bit
,Bitna
,Bitnara
,Bittna
,Biu
,Bjørn
,Black
,Blair
,Blake
,Blatt
,Blazina
,Bloom
,Blue
,Blåfield
,Bo
,BoA
,Bob
,Boban
,Bobby
,Bock
,Boen
,Bogad
,Bogdan
,Boh
,Bohn
,Bohringer
,Bohyun
,Bohyung
,Boi
,Bok
,Bokhyun
,Bokja
,Bokuzo
,Bokyeong
,Bokyun
,Bold
,Bolger
,Bolin
,Bolo
,Bologna
,Bom
,Bombey
,Bomi
,Bomin
,Bompart
,Bon
,Bona
,Bonacci
,Bonalle
,Bong
,Bonghee
,Bongheon
,Bongsoo
,Bonnet
,Bonnie
,Boo
,Boog
,Bool
,Boon
,Bora
,Boram
,Borana
,Boris
,Borshay
,Borum
,Bosin
,Bosisto
,Bosley
,Botin
,Bottle
,Bouillot
,Bouma
,Bourguignon
,Bouska
,Bow
,Bowon
,Bowram
,Bowring
,Boyd
,Boykin
,Boyong
,Brad
,Bradley
,Brahim
,Brand
,Brandon
,Brano
,Braun
,Breakspear
,Bremner
,Brendan
,Brennan
,Brentnerova
,Bret
,Breznahan
,Breznikov
,Brian
,Brick
,Bridges
,Briffaud
,Briggs
,Brigitte
,Brittain
,Brittany
,Brittney
,Britton
,Broadbent
,Broadcasting)
,Broderick
,Bronte
,Brooks
,Brothers
,Broustal
,Brown
,Bruce
,Brum
,Brunner
,Bruno
,Brusse
,Bruyne
,Bryan
,Bryant
,Bryce
,Brügmann
,Bu
,Buck
,Bucky
,Buddhist
,Buhr
,Bul
,Bulleri
,Bullock
,Bulynia
,Bum
,Bun
,Burden
,Burgess
,Burgos
,Burianová
,Burie
,Burke
,Burm
,Burn
,Burnett
,Burns
,Buro
,Burç
,Buting
,Buttell
,Buyn
,Byakko
,Byambaa
,Byeo
,Byeok
,Byeol
,Byeon
,Byeong
,Byeongseon
,Byeun
,Byoung
,Byoungjun
,Byoungsoon
,Byron
,Byuk
,Byul
,Byul.org
,Byun
,Byung
,Byungchul
,Byungki
,Byungkoo
,Byungro
,Byungwook
,Bálint
,Bárbara
,Bình
,Büşra
,C
,C.
,C.A.P
,CADEJO
,CHA
,CHANG
,CHENG
,CHO
,CHOI
,CHU
,CLAUDE
,CLINE
,CNU
,CORY
,CREAM
,CRG
,Cabanos
,Cabral
,Cacophony
,Cade
,Cadenas
,Cagdas
,Caglar
,Cahng
,Cai
,Cajzl
,Calamassi
,Callahan
,Callnong
,Calzatti
,Cam
,Cameron
,Camilla
,Camille
,Camoglio
,Campbell
,Campin
,Campos
,Camy
,Can
,Candace
,Canden
,Caner
,Canna
,Cannon
,Cao
,Caoimhe
,Captain
,Cara
,Carda
,Carl
,Carla
,Carlos
,Carlson
,Carmine
,Carnevali
,Caroline
,Carolyn
,Carpio
,Carr
,Carradine
,Carrie
,Carroggio
,Carson
,Carter
,Caru
,Carvalho
,Cary
,Casados
,Casanova
,Casarezc
,Casci
,Casey
,Cashman
,Cassandra
,Cassel
,Cassidy
,Cat
,Catalano
,Cataliotti
,Cates
,Catherine
,Cathleen
,Cathy
,Cauchon
,Cavazi
,Cavill
,Cayce
,Cayrol
,Cecile
,Cecilia
,Cecinini
,Celdran
,Celine
,Celle
,Cenzi
,Cerdeira
,Cesana
,Cesar
,Ch'on
,Cha
,Chaby
,Chad
,Chadima
,Chae
,Chaeeun
,Chaeheon
,Chaehong
,Chaejeong
,Chaelin
,Chaemin
,Chaerin
,Chaeryeong
,Chaeu
,Chaewon
,Chakarov
,Chalasova
,Chali
,Cham
,Champalaune
,Chamsarang
,Chan
,Chandler
,Chandra
,Chanel
,Chang
,ChangGil
,Changbin
,Changgyun
,Changho
,Changhun
,Changhyo
,Changhyun
,Changjin
,Changkeun
,Changkyu
,Changmin
,Changmo
,Changsuk
,Changwon
,Changwook
,Chanion
,Chanoi
,Chanon
,Chansoo
,Chanwoo
,Chanyeol
,Chanyoung
,Chao
,Chaobin
,Chaong
,Chapkanov
,Charles
,Charlie
,Charlotte
,Charvat
,Chatametikool
,Chatiawaipreacha
,Chatthapong
,Chawon
,Che
,Cheal
,Chee
,Chegy
,Chei
,Chekhov
,Cheloni
,Chelsea
,Chelsia
,Chen
,Cheng
,Chengcheng
,Chenle
,Cheo
,Cheol
,Cheolhui
,Cheolhwan
,Cheolsan
,Cheon
,Cheon	Yeong
,Cheong
,Cheonseok
,Cherish
,Chermayeff
,Cherry
,Chesler
,Cheung
,Cheyenne
,Chi
,Chia
,Chiaki
,Chianese
,Chiang
,Chiara
,Chicco
,Chidgasornpongse
,Chieh
,Chieko
,Chien
,Chifumi
,Chigi
,Chihiro
,Chika
,Chikara
,Chil
,Chin
,Chinami
,Ching
,Chino
,Chisun
,Chiu
,Chizuru
,Chloë
,Cho
,Choa
,Chodorov
,Choe
,Choel
,Choeng
,Choh
,Choi
,Choiza
,Choklay
,Chokri
,Chokyo
,Chol
,Chon
,Chong
,Chonlavanich
,Chonnasorn
,Choo
,Choon
,Choong
,Choongwang
,Chorok
,Chorong
,Chorvatovič
,Choseok
,Chotae
,Chou
,Chouinard
,Choul
,Chow
,Choy
,Chris
,Chrisel
,Chrissya
,Christensen
,Christian
,Christie
,Christina
,Christine
,Christoph
,Christophe
,Christopher
,Chu
,Chuang
,Chuay
,Chuen
,Chugong
,Chui
,Chul
,Chulki
,Chul​
,Chum
,Chun
,Chung
,Chungha
,Chungsol
,Chunhwi
,Chunja
,Chunji
,Chunming
,Churan
,Churl
,Chuvanon
,Chwe
,Chyu
,Ch’ang
,Cil
,Cindy
,Cine
,Cio
,Cizmarova
,Claire
,Clara
,Clarence
,Clarisse
,Clark
,Clarke
,Claudia
,Claudio
,Clauss
,Cleggett
,Clief
,Clinton
,Clive
,Cloe
,Club
,Clàudia
,Clément
,Cobo
,Code
,Cody
,Coelho
,Cogan
,Cohen
,Coin
,Colby
,Colde
,Colette
,Coll
,Collins
,Colm
,Colter
,Colvin
,Comfort
,Compton
,Conan
,Congxi
,Connor
,Conor
,Conran
,Consuegra
,Conti
,Contreras
,Cook
,Coombes
,Cooper
,Coralie
,Corbineau
,Corby
,Cordiner
,Corey
,Corinne
,Cormac
,Cornwall
,Cornwell
,Corpus
,Cosgrave
,Cosnefroy
,Costella
,Cottrell
,Countrified
,Courteney
,Courtney
,Covalschi
,Cowan
,Cox
,Craig
,Cram
,Crawford
,Creus
,Cris
,Cristian
,Cristina
,Critchlow
,Crocker
,Cronenberg
,Croot
,Cross
,Crown
,Cruise
,Crush
,Cruz
,Cryer
,Crystal
,Cui
,Cullen
,Cuomo
,Currie
,Cursino
,Curtis
,Cutler
,Cvetković
,Cyan
,Cynthia
,Cássio
,Cécile
,Côté
,D'Alessandro
,D'Arcy
,D'Auria
,D.
,D.Uuganbayar
,DAI
,DDMARR
,DEOK
,DIGIPEDI
,DINO
,DJ
,DPR
,DUBU
,Da
,DaHee
,Dabeen
,Dabin
,Daboussy
,Dae
,Daechang
,Daehee
,Daeseung
,Daeyong
,Daeyoung
,Dah
,Daham
,Dahee
,Dahey
,Dahyang
,Dahye
,Dahyun
,Dai
,Daigo
,Daimon
,Dain
,Daisuke
,Daiyue
,Daizo
,Dakyeom
,Dal
,Dale
,Dali
,Dalius
,Daljae
,Dallas
,Dallie
,Dalpalan
,Dalseong
,Dalton
,Dalu
,Daly
,Dam
,Damba
,Damen
,Dami
,Damian
,Damla
,Dan
,DanLin
,Dana
,Dandan
,Dane
,Dang
,Daniel
,Daniela
,Danielle
,Daniels
,Danielson
,Daniil
,Danilova
,Danis
,Danischevsky
,Danji
,Dankan
,Danni
,Danny
,Danrong
,Dantas
,Dante
,Dantec
,Danton
,Danwoo
,Danyale
,Danyang
,Danyo
,Danzan
,Darcy
,Darezhan
,Darina
,Darkhanbat
,Darkhanbayar
,Darlings
,Darragh
,Darren
,Das
,Dash
,Dashkhuu
,Dasol
,Dasom
,Datel
,Dauda
,Davaanyam
,Davadan
,Dave
,David
,Davink
,Davis
,Davy
,Dawkins
,Dawon
,Dawson
,Day
,Dayana
,Daye
,Dayeon
,Dayoung
,Dayton
,De
,DeLacy
,Deadbuttons
,Deai
,Dean
,Deann
,Deanna
,Debankon
,Debbagh
,Debbie
,Deborah
,Deboriah
,Debra
,Decraene
,Dedet
,Deepflow
,Defconn
,Degerfeldt
,Dehui
,Deiana
,Delaitre
,Delaney
,Delmore
,Demias
,Demina
,Den
,Denden
,Deneux
,Deng
,Denis
,Deniz
,Denman
,Dennis
,Deog
,Deok
,Deporte
,Dercourt
,Derek
,Dermancıoğlu
,Desbos
,Desgagnés
,Desilva
,Desmond
,Desuasido
,Deu
,Deuk
,Deul
,Deung
,Dev
,Develi
,Devenney
,Devi
,Devis
,Devlin
,Dex
,Dhakal
,Dhami
,Dhanoa
,Dhiab
,Di
,DiGregorio
,Diana
,Diane
,Dianiška
,Diaz
,Dicai
,Dichen
,Dick
,Diegan
,Diekhake
,Diem
,Digiri
,Dik
,Diki
,Dilio
,Dimitris
,Din
,DinDin
,Ding
,Dino
,Dion
,Director
,Dirk
,Dirkes
,Disch
,Divine
,Dixon
,Djenar
,Djourabchi
,Dmitry
,Dnc
,Do
,Dobson
,Dockry
,Doctor
,Dodd
,Dodo
,Doeun
,Dog
,Doguk
,Doh
,Doha
,Dohee
,Dohyun
,Doi
,Doil
,Dok
,Dok2
,Dokgo
,Dol
,Doll
,Domashchenko
,Domin
,Dominic
,Dominique
,Don
,Donachie
,Donahue
,Donald
,Dong
,Donggwan
,Donghae
,Donghee
,Dongheon
,Donghoe
,Donghwa
,Donghwan
,Donghwi
,Donghyeon
,Donghyuk
,Donghyun
,Donghyung
,Dongik
,Dongjoon
,Dongjun
,Dongming
,Dongree
,Dongsheng
,Dongsik
,Dongwon
,Dongwook
,Dongyeol
,Donjake
,Donna
,Donnelly
,Donnie
,Doo
,Doob
,Doohee
,Dooho
,Doojin
,Doona
,Dooseok
,Doosung
,Dora
,Dorf
,Dorj
,Dorociński
,Dorothy
,Dortona
,Dou
,Doug
,Doughty
,Douglas
,Douma
,Dounia
,Dow
,Downey
,Dowon
,Dowoo
,Doyle
,Doyoung
,Doyun
,Dozo
,Drag
,Dragan
,Dragon
,Dragonetti
,Dranitzke
,Dream
,Drew
,Drexler
,Dreyfuss
,Drickner
,Driehorst
,Du
,Duangkamol
,Dubien
,Dubois
,Dubowsky
,Dubuc
,Ducati
,Duck
,Ducky
,Duczmal
,Dude
,Dufeng
,Duffy
,Duk
,Dukbae
,Dulake
,Dulal
,Duling
,Dumanoglu
,Dumas
,Dun
,Dunam
,Duncan
,Dung
,Dungan
,Dunja
,Dunne
,Dupagne
,Dupree
,Durand
,Durst
,Dusan
,Dutch
,Duwon
,Duygu
,Dvorak
,Dwight
,Dy
,Dylan
,Dženan
,Dương
,E
,E.Cheong
,E.J.
,EJ
,EROPING
,Eads
,Eagle
,Eana
,Earl
,Easy
,Ebihara
,Ebizo
,Ebouaney
,Ecer
,Ed
,Eddey
,Eddie
,Eddy
,Edelstein
,Edle
,Edmond
,Edmund
,Eduardo
,Eduards
,Edvardsen
,Edward
,Edwards
,Edwin
,Ee
,Efren
,Eguchi
,Ehle
,Ei
,Eiichi
,Eiji
,Eiko
,Eileen
,Eisaku
,Eisenhamerová
,Eishi
,Ejay
,Ek
,Ekiund
,Ekrem
,El
,Elaine
,Eleftheriadou
,Elek
,Elena
,Elenie
,Elhai
,Elhen
,Elias
,Eligio
,Elijah
,Elisa
,Elisabeth
,Elise
,Eliska
,Eliza
,Elizabeth
,Elizaveta
,Elkaïm
,Elke
,Elkie
,Ellie
,Elliott
,Elmblad
,Elodie
,Eloy
,Elriya
,Elton
,Ely
,Emeline
,Emerson
,Emery
,Emi
,Emily
,Emiru
,Emma
,Emmanuel
,Emoto
,Emre
,Endo
,Enes
,Engel
,Engelstoft
,Enhe
,Enkhtuul
,Enna
,Ennigkeit
,Enoch
,Enoki
,Enrico
,Enriquez
,Eo
,Eok
,Eokman
,Eol
,Eom
,Eon
,Eonjin
,Eop
,Epcar
,Equan
,Er
,Ercan
,Ercha
,Erdene
,Erdogan
,Eren
,Ergun
,Erhan
,Erholtz
,Eri
,Eric
,Erica
,Erich
,Erick
,Erika
,Eriko
,Erin
,Erkan
,Erkekli
,Ernst
,Ertin
,Eru
,Eryk
,Esaki
,Escobar
,Escobedo
,Escoda
,Esen
,Esmark
,Esom
,Esper
,Espitia
,Esra
,Essouci
,Estela
,Esten
,Esther
,Esun
,Etchie
,Etienne
,Etsler
,Etsuo
,Eu
,Eue
,Eugene
,Eugenia
,Eui
,Euijin
,Euikwan
,Euishin
,Euiyoung
,Eul
,Eulbyung
,Eum
,Eun
,Eunah
,Eunbea
,Eunbi
,Eunbong
,Eunbyeol
,Eunchae
,Eung
,Eungsu
,Eungsuk
,Eunha
,Eunhee
,Eunhye
,Eunhyuk
,Eunice
,Eunji
,Eunjin
,Eunju
,Eunkwang
,Eunkyung
,Eunseo
,Eunseok
,Eunsil
,Eunsol
,Eunsong
,Eunsoo
,Euntae
,Eunu
,Eunyang
,Eunyul
,Evan
,Evans
,Eve
,Even
,Everingham
,Evgeniia
,Evra
,Evuy
,Ewa
,Ewan
,Ewen
,Ewha
,Exarchopoulos
,Excelsior
,Express
,Exy
,Ezaki
,Ezra
,Faberes
,Fabian
,Fabien
,Fabrizio
,Fahir
,Fahn
,Fai
,Faiziev
,Falcon
,Falko
,Fall
,Fan
,Fang
,Fangfang
,Fannin
,Fanny
,Fanta
,Farewell
,Farmiga
,Farquharson
,Farrell
,Fassbender
,Fat
,Fatim
,Faulk
,Faust
,Favale
,Favel
,Fay
,Febriyanti
,Feder
,Federation
,Federico
,Feel
,FeelDog
,Fehd
,Fei
,Feifei
,Feliciano
,Felipe
,Felix
,Felton
,Feng
,Feore
,Ferdinand
,Fergus
,Ferguson
,Fernanda
,Fernandez
,Ferracioli
,Ferrara
,Ferraresso
,Ferrer
,Ferro
,Ferry
,Ferzetti
,Fesliyan
,Feuvre
,Fidele
,Fierberg
,Fierro
,Figueiredo
,Figuereido
,Filip
,Filippo
,Film
,Finn
,Finnan
,Fiona
,Fionn
,Firat
,Fisher
,Fitzgerald
,Fizz
,Flanders
,Flash
,Fleming
,Fleshman
,Fleury
,Flinders
,Flood
,Flora
,Florencia
,Flowing
,Flyboy
,Flynn
,Foguenne
,Foley
,Fong
,Fontaine
,Fontana
,Foon
,Ford
,Forest
,Forrester
,Forster
,Foster
,Fouda
,Fox
,Franca
,France
,Francesco
,Francis
,Francisca
,Francisco
,Frank
,Frankie
,Frantisek
,François
,Fred
,Frederik
,Frederiksen
,Freeman
,Friedewald
,Friedland
,Friedman
,Frisca
,Fritz
,Fronk
,Fruit
,Frédéric
,Frédérique
,Fu
,Fueki
,Fuji
,Fujii
,Fujimoto
,Fujita
,Fukada
,Fukuma
,Fukumi
,Fukumoto
,Fukushi
,Fukushima
,Fukutomi
,Fulkerson
,Full
,Fuller
,Fuma
,Fumiaki
,Fumiari
,Fumu
,Fun
,Funaki
,Funayama
,Fung
,Furuie
,Furukawa
,Fuyama
,Fuzheng
,Féron
,G
,G.NA
,GANG
,GIL
,GIN
,GONG
,GOON
,GRAYCODE
,GREE
,GREEN
,Ga
,Gab
,Gabe
,Gabee
,Gabriel
,Gabriela
,Gabriele
,Gabriella
,Gadou
,Gae
,Gaeko
,Gaemi
,Gaeul
,Gainsoo
,Gak
,Gakuryu
,Gakyeong
,Gal
,Galand
,Galaxy
,Galbayar
,Galeno
,Gallego
,Gallows
,Galvin
,Galvão
,Gam
,Gambhir
,Gamra
,Gamza
,Gan
,Ganbaatar
,Ganbold
,Gang
,Ganga
,Ganji
,Gannan
,Gao
,Gaon
,Gap
,Garagic
,Garcia
,García
,Gardell
,Gardner
,Gareth
,Gargonne
,Garibay
,Garland
,Garneau
,Garner
,Garnhart
,Garon
,Garret
,Garrison
,Garrix
,Garvin
,Gary
,Garyung
,Gaseul
,Gaston
,Gastón
,Gavin
,Gawryluk
,Gay
,Gazzara
,Ge
,Gee
,Geegooin
,Geena
,Gelt
,Gendre
,Geng
,Genie
,Genovese
,Genta
,Geo
,Geoff
,Geoffrey
,Geojung
,Geol
,Geon
,Georgas
,George
,Georges
,Georgette
,Georgi
,Georgiou
,Geraldine
,Gerard
,Gerhard
,Gerlach
,Germain
,Getz
,Geu
,Geul
,Geum
,Geumhui
,Geumhyang
,Geumseon
,Geumseona
,Geumsoo
,Geun
,Geurim
,Ghang
,Ghee
,Ghezelbash
,Ghil
,Ghim
,Ghobadi
,Gi
,GiSu
,Gianluca
,Giaschi
,Gibson
,Gigi
,Gil
,Gilgun
,Gill
,Gillen
,Gilles
,Gillet
,Gillian
,Gim
,Gimu
,Gin
,Gina
,Ginestier
,Ginga
,Giotti
,Giovanna
,Giovanni
,Giriboy
,Gisun
,Giulia
,Giuliano
,Giuliotti
,Giuseppe
,Giusti
,Giza
,Glen
,Glenn
,Glynn
,Go
,Goble
,Godfrey
,Godmode
,Goebel
,Goetz
,Goff
,Goh
,Gok
,Goldfine
,Goldkiwisae
,Goldsmith
,Golnaz
,Gombo
,Gomes
,Gomperts
,Gon
,Gong
,Gongchan
,Gongchol
,Gongsam
,Gonzales
,Gonzalez
,Goo
,Gooc
,Goodes
,Goodgion
,Goodhew
,Gook
,Goon
,Goong
,Gordji
,Gordon
,Gorka
,Gorman
,Gormley
,Gorou
,Gorshin
,Goto
,Gouichi
,Grace
,Grad
,Grade
,Graeme
,Graf
,Graham
,Graley
,Grandma
,Grandpa
,Granger
,Granjon
,Grant
,Grapena
,Gras
,Gray
,Grayson
,Greem
,Green
,Greena
,Greg
,Gregg
,Gregor
,Gregory
,Gries
,Griesbaum
,Griffin
,Griffiths
,Grimes
,Grina
,Gromek'
,Groves
,Gruhl
,Gu
,Guan
,Guang
,Guangbin
,Guansé
,Gubser
,Gudrun
,Gue
,Guemira
,Guerra
,Guerín
,Guesmi
,Guggenheim
,Guh
,Gui
,Guidance
,Guillaume
,Guillermo
,Guitard
,Guk
,Guka
,Gum
,Gumija
,Gummy
,Gun
,Gundbilguun
,Gung
,Gunho
,Gunhui
,Gunil
,Gunnhee
,Guo
,Guofeng
,Gupasu
,Gurung
,Gusmão
,Gustaf
,Gustavo
,Guti
,Gutiérrez
,Guts
,Guyenne
,Guzal
,Guégan
,Gvozdenovic
,Gwak
,Gwan
,Gwang
,Gwangbin
,Gwangho
,Gwangmu
,Gwe
,Gwi
,Gwiwonjeong
,Gwiyeoni
,Gwok
,Gwon
,Gwui
,Gwyn
,Gyatso
,Gye
,Gyeo
,Gyeol
,Gyeom
,Gyeomseo
,Gyeon
,Gyeong
,Gyeongbo
,Gyeongcheon
,Gyeongho
,Gyeonghui
,Gyeongree
,Gyeongyong
,Gyerim
,Gyeul
,Gyewon
,Gyo
,Gyon
,Gyong
,Gyoo
,Gyoon
,Gyoung
,Gyu
,Gyubeom
,Gyul
,Gyuli
,Gyum
,Gyun
,Gyung
,Gyungho
,Gyungjin
,Gyuri
,Güralp
,Gürtunca
,Güçel
,G’sam
,H
,H.
,H.F.
,H.K.
,H.O
,H.W.
,HAE
,HAN
,HASC
,HAUSOFTEAM
,HB
,HEAVY
,HEEEEYUN
,HK
,HMI
,HOOLA
,HUI
,HWANG
,HYE
,Ha
,HaYoung
,Haam
,Haana
,Haberkorn
,Habre
,Hachi
,Hack
,Hacıoğlu
,Hae
,Haechan
,Haeil
,Haein
,Haejin
,Haelim
,Haemi
,Haeng
,Haerry
,Haesook
,Haet
,Haewon
,Hagemeier
,Hagiwara
,Hah
,Haha
,Hahm
,Hahn
,Hai
,Hail
,Hailey
,Hailu
,Hajime
,Hajin
,Hak
,Hakala
,Hakjun
,Haknyeon
,Hakr
,Hakryul
,Haku
,Hakuryu
,Haley
,Halil
,Hallenbeck
,Hallin
,Halsall
,Halsey
,Ham
,Hamabe
,Hamada
,Hamaguchi
,Hamamoto
,Hamasaki
,Hambleton
,Hamilton
,Hamin
,Hammer
,Hammington
,Hamo
,Hamster
,Han
,HanZ
,Hana
,Hanasaka
,Hanbul
,Handong
,Hanen
,Haneol
,Hang
,Hangjun
,Hangseok
,Hangu
,Hanhae
,Hanhee
,Hanho
,Hani
,Hanik
,Hanjo
,Hanjoo
,Hank
,Hann
,Hanna
,Hannah
,Hannan
,Hanni
,Hans
,Hansaem
,Hanseul
,Hansl
,Hansol
,Hansu
,Hanzhong
,Hao
,HaoYan
,Haoyang
,Haoyu
,Hapka
,Hara
,Harada
,Harang
,Hardie
,Hardwicke
,Hardy
,Hareem
,Hariki
,Harin
,Harisu
,Hark
,Harlino
,Harnack
,Harnage
,Harpreet
,Harris
,Harrison
,Harry
,Haru
,Harua
,Haruka
,Haruki
,Haruko
,Haruma
,Haruna
,Haruto
,Harvey
,Hasan
,Hasegawa
,Haseo
,Hasgül
,Hashida
,Hashimoto
,Hasković
,Hass
,Hat
,Hata
,Hatasawa
,Hau
,Hausswolff
,Hawn
,Hawser
,Hayakawa
,Hayase
,Hayashi
,Hayato
,Hayden
,He
,Hea
,Heakyung
,Healy
,Heang
,Heart
,Hebert
,Hebrero
,Heddy
,Hee
,Heebum
,Heecheon
,Heechul
,Heehyun
,Heein
,Heejae
,Heejeong
,Heejin
,Heemin
,Heesang
,Heeseung
,Heesoo
,Heesub
,Heesue
,Heewon
,Heeyoung
,Hei
,Heida
,Heidi
,Heikki
,Heize
,Hejlová
,Hejzlar
,Hellström
,Hendery
,Heng
,Hengzhun
,Henney
,Henny
,Henrix
,Henry
,Heo
,Heok
,Heon
,Heong
,Heonryoung
,Her
,Herbert
,Hernan
,Hernandez
,Herrera
,Herrero
,Hersh
,Hershel
,Hession
,Het
,Hettienne
,Heui
,Heum
,Heun
,Heung
,Heungsik
,Hey
,Heyjin
,Heyrosa
,Heyward
,Hi
,Hian
,Hicks
,Hidaka
,Hiddleston
,Hideki
,Hideko
,Hidenobu
,Hideo
,Hideshi
,Hidhir
,Hie
,Hien
,Hieora
,Higashino
,Higgins
,High
,Hikari
,Hikaru
,Hikita
,Hikohiko
,Hill
,Hiller
,Hilota
,Him
,Hin
,Hinano
,Hing
,Hino
,Hinton
,Hinzpeter
,Hipp
,Hirai
,Hirakawa
,Hiraoka
,Hirata
,Hiratani
,Hirayama
,Hiroaki
,Hirokazu
,Hiroki
,Hiroko
,Hiromitsu
,Hironobu
,Hirosawa
,Hiroshi
,Hiroshima
,Hirota
,Hiroyoshi
,Hiroyuki
,Hirshfeld
,Hisaishi
,Hisashi
,Hitomi
,Hitoshi
,Hitozuma
,Hiu
,Hiwatashi
,Hjelm
,Hladík
,Ho
,Hoang
,Hoashi
,Hoban
,Hobum
,Hoda
,Hoe
,Hoei
,Hoeve
,Hoffman
,Hofrichter
,Hogan
,Hogans
,Hoi
,Hojeong
,Hojin
,Hojo
,Hojun
,Hok
,Hokyeum
,Holcomb
,Holding
,Hollebeke
,Holly
,Holmes
,Homlaor
,Hon
,Honcoopova
,Honda
,Honey
,Honeyman
,Hong
,Hongdae
,Hongeun
,Honghyeon
,Hongju
,Honglie
,Hongping
,Hongrin
,Hongxuan
,Hoo
,Hoon
,Hooseung
,Hop
,Hopkins
,Hori
,Horii
,Horikawa
,Hormann
,Horvejkul
,Horych
,Hose
,Hoshi
,Hoshino
,Hosokawa
,Hosup
,Hotta
,Hottinger
,Hotz
,Hou
,Houben
,Houssni
,Howard
,Howe
,Howon
,Hoy
,Hrazdira
,Hrebejuova
,Hristo
,Hromádka
,Hrubý
,Hsiang
,Hsin
,Hsing
,Hsiung
,Hsu
,Hu
,Hua
,Huan
,Huang
,Hubacek
,Hubatch
,Hubert
,Huck
,Huckleberry
,Hudečková
,Hudson
,Huening
,Hues
,Hugo
,Hugot
,Huh
,Huhtanen
,Hui
,Huifang
,Huijia
,Huining
,Huisuk
,Hulbert
,Humayun
,Hun
,Hung
,Hunjoo
,Hunsang
,Huo
,Huppert
,Hur
,Hurard
,Hurt
,Husar
,Hwa
,Hwajin
,Hwan
,Hwang
,Hwangbo
,Hwanhee
,Hwani
,Hwanju
,Hwarang
,Hwasa
,Hwaso
,Hwayeon
,Hwayobi
,Hwayong
,Hwayoung
,Hwe
,Hwee
,Hwi
,Hwichan
,Hwiyoung
,Hwo
,Hwon
,Hyang
,Hyanghui
,Hye
,HyeJin
,Hyeeng
,Hyegyeong
,Hyein
,Hyejeong
,Hyejin
,Hyelin
,Hyeme
,Hyemin
,Hyen
,Hyena
,Hyeo
,Hyeok
,Hyeon
,Hyeong
,Hyeongu
,Hyeonji
,Hyeonwoo
,Hyeop
,Hyeri
,Hyerin
,Hyeseong
,Hyeung
,Hyewon
,Hyeyeong
,Hynn
,Hynu
,Hyo
,HyoJoo
,Hyoeng
,Hyoeun
,Hyojin
,Hyoju
,Hyolyn
,Hyomin
,Hyon
,Hyong
,Hyosim
,Hyosook
,Hyosuk
,Hyosung
,Hyoun
,Hyoung
,Hyowon
,Hyowoo
,Hyoyeon
,Hyoyoung
,Hyska
,Hyu
,Hyub
,Hyuck
,Hyuga
,Hyuk
,Hyun
,HyunJi
,Hyuna
,Hyundo
,Hyundong
,Hyung
,HyungSoon
,Hyungik
,Hyungjik
,Hyungjin
,Hyungjun
,Hyungkyun
,Hyungmin
,Hyungnam
,Hyungseok
,Hyungyu
,Hyunjae
,Hyunjeong
,Hyunjin
,Hyunjo
,Hyunjoo
,Hyunjung
,Hyunk
,Hyunkyoung
,Hyunkyung
,Hyunlok
,Hyunmin
,Hyunri
,Hyunseoung
,Hyunsik
,Hyunsoo
,Hyunsook
,Hyunsuk
,Hyunwoo
,Hyup
,Háková
,Hélène
,Hồng
,I
,I.N.
,IAN
,II
,III
,INDUSTRIES
,INNERBIT
,IRO
,ISU
,IU
,IV
,Iaimkrasin
,Ian
,Ib
,Ibu
,Ibuki
,Ichihara
,Ichiho
,Ichikawa
,Ichinose
,Ick
,Ido
,Iemchuen
,Ig
,Igarashi
,Igaue
,Igor
,Ihn
,Iho
,Iino
,Ijäs
,Ik
,Ikari
,Ikbeom
,Ikeda
,Ikeuchi
,Ikewaki
,Ikezu
,Ikladi
,Ikuno
,Ikura
,Ikuro
,Il
,Ilbek
,Ilcheong
,Ilho
,Ilje
,Iljoong
,Ilker
,Ill
,Illovsky
,Ilo
,Ilseong
,Ilson
,Ilya
,Im
,Imai
,Imakurs
,Imamura
,Imaoka
,Imen
,Imoru
,In
,Inae
,Inan
,Inbum
,Inc..
,Inchul
,Inchun
,Ine
,Ing
,Ingrid
,Ingyeong
,Inhan
,Inhyuk
,Injun
,Inkyu
,Inman
,Inmo
,Innes
,Ino
,Inomata
,Inoue
,Inse
,Inseong
,Inserny
,Inshil
,Insuk
,Intasorn
,Intelligence
,Inu
,Inwoo
,Inwoong
,Ioana
,Ion
,Iori
,Ip
,Irene
,Irina
,Irwin
,Isaac
,Isaacs
,Isabelle
,Isaka
,Isamu
,Isano
,Isao
,Isarapongporn
,Isayama
,Iseo
,Iseri
,Iseya
,Isfendiyaroglu
,Ishibashi
,Ishida
,Ishihara
,Ishii
,Ishikawa
,Ishimatsu
,Ishimoto
,Ishitaka
,Isu
,Ita
,Ito
,Itoh
,Iturralde
,Itô
,Ivan
,Ivanka
,Ivanov
,Ivanova
,Ivo
,Ivy
,Iwa
,Iwaaki
,Iwai
,Iwamoto
,Iwase
,Iwashiro
,Iwasu
,Iwata
,Iwaya
,Izumi
,J
,J.
,J.B.
,J.J.
,J.J.Hassan
,J.M.
,J.P.
,J.T.
,J.Yoon
,JA
,JAMIE
,JANG
,JEONG
,JIN
,JJ
,JK
,JO
,JOHN
,JOON
,JOTA
,JQ
,JR
,JUNG
,Ja
,Jablonsky
,Jack
,Jackei
,Jackie
,Jackson
,Jacky
,Jacob
,Jacobson
,Jacqueline
,Jacques
,Jad
,Jadamba
,Jade
,Jaden
,Jadu
,Jae
,JaeWon
,Jaeeun
,Jaegal
,Jaeger
,Jaeha
,Jaehan
,Jaeho
,Jaehong
,Jaehoon
,Jaehyeok
,Jaehyeon
,Jaehyuk
,Jaehyun
,Jaejin
,Jaejun
,Jaeman
,Jaemin
,Jaenam
,Jaeran
,Jaeseon
,Jaeseung
,Jaewan
,Jaewon
,Jaewoon
,Jaeyeon
,Jaeyeong
,Jaeyi
,Jaeyoung
,Jafar
,Jahye
,Jai
,Jake
,Jakub
,Jakupcak
,Jamarian
,Jamba
,James
,Jamie
,Jamilla
,Jan
,Janchivdorj
,Jand
,Jane
,Janet
,Jang
,Jangbbijju
,Jangho
,Janghui
,Jangjarut
,Jangjun
,Jangyong
,Janis
,Jannis
,Janska
,Janssen
,Janush
,Jared
,Jarnal
,Jaroslav
,Jaroslava
,Jasmine
,Jason
,Jasson
,Jatuphol
,Jaurim
,Javier
,Jay
,Jaye
,Jayeon
,Jayeong
,Jayil
,Jayme
,Jayrinpon
,Jazz
,Je
,JeA
,Jea
,Jeamin
,Jean
,Jeana
,Jeankyung
,Jeanne
,Jeayoon
,Jee
,JeeJa
,Jeeho
,Jeemin
,Jeethu
,Jeeyoung
,Jeff
,Jeffery
,Jeffrey
,Jeffry
,Jegal
,Jeh
,Jei
,Jeiseon
,Jeju
,Jelinek
,Jelly
,Jenkins
,Jenna
,Jennie
,Jennifer
,Jenny
,Jeno
,Jenyao
,Jeo
,Jeog
,Jeom
,Jeon
,Jeong
,Jeonga
,Jeongah
,Jeongbi
,Jeongdae
,Jeongeun
,Jeonggyun
,Jeongha
,Jeonghan
,Jeongho
,Jeonghuh
,Jeonghwa
,Jeonghwe
,Jeonghyeon
,Jeonghyun
,Jeongju
,Jeongsuk
,Jeonguk
,Jeongwoon
,Jeongyeon
,Jeongyoon
,Jeoung
,Jerald
,Jeremiah
,Jeremy
,Jerikho
,Jeroen
,Jerry
,Jerry.K
,Jesper
,Jessamyn
,Jessi
,Jessica
,Jeun
,Jeung
,Jewel
,Jewoo
,Jezreel
,Jhielo
,Jho
,Jhown
,Jhung
,Ji
,JiYoun
,Jia
,Jiakun
,Jian
,Jianchang
,Jianchun
,Jiang
,Jiangang
,Jianhua
,Jiao
,Jiayan
,Jiaying
,Jieho
,Jieqiong
,Jieri
,Jieun
,Jigi
,Jihan
,Jihee
,Jiheon
,Jihong
,Jihye
,Jihyeon
,Jihyun
,Jihyung
,Jijyun
,Jik
,Jill
,Jim
,Jimin
,Jimmy
,Jin
,JinMu
,JinWoo
,Jina
,Jinah
,Jinee
,Jineop
,Jing
,Jinglin
,Jinhee
,Jinho
,Jinhwa
,Jinhwan
,Jinhyen
,Jinhyun
,Jini
,Jinju
,Jinkyu
,Jinkyung
,Jinnie
,Jinny
,Jinping
,Jinseon
,Jinseung
,Jinsoo
,Jinsung
,Jint
,Jinu
,Jinun
,Jinwon
,JinwooShin
,Jinwook
,Jinyong
,Jinyouge
,Jinyoung
,Jioh
,Jiong
,Jip
,Jiri
,Jiro
,Jirucha
,Jiseok
,Jiseon
,Jisoo
,Jisook
,Jisu
,Jisun
,Jisung
,Jiulin
,Jiung
,Jiwon
,Jiwoo
,Jiwu
,Jiya
,Jiyeon
,Jiyeoung
,Jiyoon
,Jiyoung
,Jiřina
,Jiří
,Jo
,Joa
,Joakim
,Joan
,Joanna
,Joaquín
,Jobs
,Jocelin
,Jocelyn
,Jocelyne
,Jock
,Jody
,Joe
,Joel
,Joen
,Joeng
,Joey
,Joh
,Johan
,Johanna
,Johanson
,John
,Johnny
,Johnnys
,Johnson
,Johnston
,Johyun
,Jojo
,Jolyn
,Jomson
,Jon
,Jonasz
,Jonathan
,Jong
,JongJun
,Jongbun
,Jongcheol
,Jongha
,Jonghoon
,Jonghun
,Jonghyeon[
,Jonghyun
,Jongmin
,Jongmyung
,Jongryul
,Jongshik
,Jongsoo
,Jongsuk
,Jongsun
,Jongtae
,Jongyoon
,Jonny
,Joo
,JooE
,Joobi
,Joohyun
,Joohyup
,Jookwang
,Joon
,Joong
,Joonhan
,Joonseong
,Joonyeong
,Joonyong
,Jooyeon
,Jooyoung
,Jordan
,Jorge
,Jose
,Josef
,Josep
,Joseph
,Josh
,Joshua
,José
,Jouji
,Joung
,Joy
,Joyce
,Jr.
,Jrehoon
,Ju
,Jua
,Juan
,Juana
,Juanzi
,Juaquin
,Juck
,Judah
,Jude
,Judith
,Judy
,Jue
,Jueon
,Juh
,Juhee
,Juheon
,Juhn
,Juho
,Juhui
,Juhwan
,Juhyun
,Juk
,Jukjae
,Jukyung
,Julei
,Jules
,Julia
,Julian
,Juliana
,Juliani
,Juliano
,Julie
,Julien
,Juliet
,Julius
,July
,Jun
,Jun.K
,JunHa
,Junar
,June
,Junehyuck
,Jung
,JungSu
,Jungeun
,Junghan
,Jungho
,Junghoon
,Junghwa
,Junghwan
,Junghwee
,Jungik
,Jungin
,Jungkah
,Jungmin
,Jungsamrang
,Jungsu
,Jungsub
,Jungu
,Jungwon
,Jungwoo
,Junho
,Junhoi
,Junhyun
,Junhyung
,Junichiro
,Juniot
,Junji
,Junjie
,Junker
,Junki
,Junko
,Juno
,Junoflo
,Junsei
,Junseong
,Junshik
,Junsik
,Junsu
,Junwoo
,Junxian
,Junxiang
,Junyeong
,Junyoung
,Junyu
,Jure
,Juri
,Jurota
,Jushiro
,Justhis
,Justin
,Justiniano
,Jusuk
,Jutta
,Juvie
,Juye
,Juyeon
,Jvde
,Jwa
,Jyu
,Jyung
,Ján
,Jéro
,Jérémie
,Jürgen
,K
,K.
,K.P.
,K.Will
,K.afka
,KANG
,KB
,KCM
,KI
,KIM
,KIim
,KO
,KWAKTUBE
,KWEON
,KWON
,Ka
,Kaak
,Kab
,Kabe
,Kabo
,Kacy
,Kade
,Kae
,Kagn
,Kahlid
,Kahn
,Kahng
,Kai
,Kaidu
,Kaige
,Kairiyama
,Kaisen
,Kaitani
,Kakizawa
,Kakuta
,Kal
,Kalayanamitr
,Kaleri
,Kalima
,Kalis
,Kaluđer
,Kam
,Kamata
,Kamen
,Kameyama
,Kamio
,Kamou
,Kamoun
,Kampowsky
,Kamura
,Kan
,Kanade
,Kanae
,Kanaria
,Kanazuka
,Kanazuki
,Kanbe
,Kanchan
,Kanchanamas
,Kanda
,Kandaka
,Kaneda
,Kaneko
,Kang
,Kang	
,Kangnam
,Kangsue
,Kangta
,Kangyu
,Kanjiya
,Kanjo
,Kanno
,Kano
,Kanyavae
,Kao
,Kaori
,Kaoru
,Kap
,Kapitonenko
,Kaplan
,Karagoz
,Karanović
,Karata
,Kareem
,Karel
,Karen
,Karena
,Karg
,Karie
,Karim
,Karin
,Karl
,Karlberg
,Karmitz
,Karn
,Karolina
,Karpo
,Karrat
,Karrol
,Kary
,Kasahara
,Kasalkheh
,Kasapbaşoğlu
,Kase
,Kashino
,Kashiwagi
,Kasia
,Kassy
,Kasuga
,Katakalidis
,Katalina
,Kataoka
,Katarina
,Katarzyna
,Katayama
,Kate
,Katerine
,Kateřina
,Katharine
,Katherina
,Kathet
,Kathleen
,Kathryn
,Kati
,Katia
,Katie
,Kato
,Katou
,Katsoulogiannakis
,Katsuaki
,Katsue
,Katsuhiro
,Katsumi
,Katsumura
,Katu
,Katz
,Katô
,Kauh
,Kaur
,Kaus
,Kavanagh
,Kawagoe
,Kawaguchi
,Kawahara
,Kawai
,Kawakami
,Kawamori
,Kawamura
,Kawase
,Kawashita
,Kawauchi
,Kay
,Kaya
,Kayama
,Kaycee
,Kaylin
,Kaynam
,Kazama
,Kazuha
,Kazuhide
,Kazuhiko
,Kazuki
,Kazuma
,Kazuo
,Kazuoki
,Kazuto
,Kazuya
,Kduson
,Ke
,Kearn
,Kearney
,Kee
,Keeho
,Keenan
,Keener
,Keenlyside
,Kehler
,Kei
,Keiara
,Keigo
,Keiji
,Keijiro
,Keiko
,Keisuke
,Keita
,Keitel
,Keith
,Kelly
,Kelvin
,Ken
,Kendall
,Kendrick
,Kenichi
,Kenji
,Kennedy
,Kenneth
,Kenny
,Kenpachirō
,Kent
,Kenta
,Keogh
,Keon
,Keong
,Kerloc'h
,Kerr
,Kershaw
,Kess
,Kettle
,KeukeuJ.J
,Keum
,Keumjo
,Keun
,Keung
,Keunyoung
,Kevin
,Key
,Keyes
,Khaalil
,Khalil
,Khan
,Khanchanapornphong
,Khansawa
,Khayannagan
,Khazak
,Khemais
,Khira
,Kho
,Khoo
,Khuc
,Khunthira
,Khurelkhuu
,Khurram
,Ki
,Kian84
,Kiana
,Kiatmingmongkol
,Kichul
,Kie
,Kiernan
,Kieun
,Kih
,Kiha
,Kihoon
,Kihyeok
,Kihyun
,Kihyung
,Kiiski
,Kiki
,Kikuchi
,Kil
,Kim
,Kim	Beom
,Kimata
,Kimbo
,Kimchoi
,Kimi
,Kimiko
,Kimin
,Kimjung
,Kimmel
,Kimura
,Kin
,Kindl
,King
,Kingdom
,Kingsley
,Kino
,Kinopost
,Kinson
,Kintana
,Kipale
,Kira
,Kirby
,Kirilova
,Kiritharan
,Kirk
,Kiros
,Kiseok
,Kiseon
,Kishi
,Kishimoto
,Kisub
,Kisum
,Kisung
,Kit
,Kita
,Kitadai
,Kitagawa
,Kitamura
,Kitano
,Kitorune
,Kittikhun
,Kitty
,Kiu
,Kiwanami
,Kiwha
,Kiwook
,Kiwoong
,Kiwoun
,Kiyohiko
,Kiyong
,Kiyoon
,Kiyoto
,Kiyoung
,Kizuna
,Kkob
,Kkot
,Kkyu
,Klara
,Klassen
,Klaus
,Klausner
,Kluivert
,Knag
,Know
,Knudsen
,Ko
,Kobashi
,Kobayashi
,Kodeethwskku
,Kodera
,Koenig
,Koga
,Kogawa
,Koh
,Kohara
,Koharu
,Kohei
,Koichi
,Koichiro
,Koide
,Koike
,Koiwai
,Koji
,Kok
,Komgrich
,Komiya
,Komljen
,Komrzý
,Kon
,Kong
,Kongsakul
,Konno
,Kono
,Kononova
,Konstantinos
,Koo
,Kooij
,Kook
,Koon
,Koong
,Kopit
,Kopáčová
,Koraphat
,Koray
,Korber
,Kore
,Korean
,Korey
,Kornreich
,Korynta
,Koshmrl
,Koshu
,Kosinová
,Koski
,Kossi
,Kostov
,Kosugi
,Kosuke
,Kosuki
,Kota
,Kotani
,Kotaro
,Kotlas
,Kotoko
,Kotomi
,Kotsev
,Kou
,Kouichi
,Kouki
,Koung
,Kouta
,Kovacik
,Kovalenko
,Kowalski
,Koyasu
,Koyo
,Krabbé
,Kral
,Kratzert
,Kraut
,Kretschmann
,Kriesha
,Kris
,Krista
,Kristel
,Kristen
,Kristian
,Kristina
,Kristine
,Kristofer
,Kritsanaphan
,Krivelis
,Krystal
,Ku
,Kuan
,Kuang
,Kuberra
,Kubota
,Kuem
,Kug
,Kuhlmey
,Kuho
,Kui
,Kuiock
,Kujo
,Kuk
,Kul
,Kulig
,Kum
,Kumaichiro
,Kumar
,Kumari
,Kumazawa
,Kumi
,Kumija
,Kumiko
,Kumova
,Kun
,Kung
,Kunihiko
,Kunimura
,Kunpimook
,Kunst
,Kuo
,Kuriyama
,Kuroda
,Kuroi
,Kuroishi
,Kuroki
,Kurotani
,Kurtaran
,Kurumi
,Kurylenko
,Kus
,Kusanagi
,Kusumoto
,Kuti
,Kuy
,Kuyoon
,Kuznetcov
,Kučerová
,Kvich
,Kwaik
,Kwak
,Kwamboka
,Kwan
,Kwang
,Kwangho
,Kwangil
,Kwangsun
,Kweon
,Kwi
,Kwok
,Kwon
,Kwone
,Kwong
,Kyarinamai
,Kye
,Kyeng
,Kyeol
,Kyeom
,Kyeon
,Kyeong
,Kyeonghui
,Kyeonghun
,Kyeongsoo
,Kyle
,Kyo
,Kyoji
,Kyoko
,Kyong
,Kyono
,Kyoo
,Kyoon
,Kyoung
,Kyu
,Kyug
,Kyuhyun
,Kyujae
,Kyujin
,Kyul
,Kyum
,Kyun
,Kyung
,Kyungeun
,Kyungheon
,Kyunghwan
,Kyungjin
,Kyungmin
,Kyungran
,Kyungseon
,Kyungsub
,Kyungsun
,Kyungyeop
,Kyôhei
,Kôichi
,Kôji
,Königshausen
,Kümbetlioğlu
,Kōichi
,L
,L.
,LA
,LAPD
,LE
,LEE
,LIANGHUI
,LIM
,LION
,LIVE
,LIZ
,LJ
,La
,LaBrey
,LaFache
,Ladislav
,Lady
,Lae
,Lael
,Lai
,Laird
,Lalae
,Lali
,Lalicata
,Lam
,Lama
,Lambert
,Lamia
,Lamnoi
,Lan
,Lance
,Landers
,Lang
,Langer
,Lani
,Lanny
,Lanyoung
,Lao
,Lara
,Larry
,Lars
,Larsen
,Larson
,Lasut
,Lattimer
,Lau
,Lauda
,Laufl
,Laura
,Laure
,Laurel
,Lauren
,Laurence
,Laurent
,Lav
,Lavant
,Lavitt
,Lavolé
,Lawrence
,Lay
,Layone
,Lazar
,Lazaro
,Le
,LeBaugh
,Leah
,Leamon
,Leblond
,Leclerc
,Lecomte
,Lee
,Lee	
,Leeanna
,Leejung
,Leem
,Leeseo
,Leesong
,Leeteuk
,Legend
,Legrand
,Lehoucka
,Lei
,Lemarquis
,Lena
,Lencquesaing
,Lender
,Lenka
,Leo
,Leon
,Leonard
,Leong
,Leoni
,Leonora
,Leopold
,Lepley
,Leppänen
,Lerchs
,Leroy
,Lesachet
,Lesage
,Lester
,Leung
,Lev
,Levie
,Levitt
,Lew
,Lewin
,Lewis
,Lex
,Lexy
,Li
,Lia
,Liam
,Lian
,Liang
,Lianke
,Liao
,Lib
,Libor
,Lichtblau
,Lidan
,Lieh
,Liem
,Lihong
,Lihua
,Liisa
,Lik
,Lil'
,Lili
,Lilian
,Lily
,Lim
,Lima
,Limcharoen
,Limor
,Lin
,Lina
,Linda
,Lindemann
,Lindersmith
,Lindquist
,Lindsay
,Line
,Ling
,Linh
,Link
,Linus
,Linville
,Lio
,Lip
,Lisa
,Lissauer
,Lita
,Litman
,Liu
,Livingston
,Liviu
,Liz
,Llano
,Lliviria
,Lloyd
,Lo
,Loan
,Lob
,Lobos	
,Lock
,Loco
,Loewen
,Logan
,Logie
,Loh
,Loi
,Lois
,Lok
,Lombeek
,Lomon
,London
,Londoner
,Long
,Longstone
,Loquasto
,Lorca
,Lord
,Loren
,Lorenzo
,Lorne
,Lorraine
,Lou
,Louis
,Louisa
,Louise
,Lourdes
,Love
,Lowther
,Lu
,Luan
,Lucas
,Lucid
,Lucie
,Lucio
,Lucky
,Luculescu
,Lucy
,Luda
,Ludek
,Lui
,Luigi
,Luis
,Luk
,Luka
,Lukas
,Luke
,Lukins
,Luming
,Lun
,Luna
,Lung
,Luo
,Lurie
,Luscombe
,Luz
,Lyang
,Lydia
,Lyeon
,Lyeong
,Lygia
,Lym
,Lyman
,Lynda
,Lynn
,Lyon
,Lyons
,Lyra
,Lyu
,László
,Lévy
,Lønqvist
,Lü
,Lübbert
,M
,M.
,M.C.
,M.J.
,M.TySON
,MC
,MGNTK
,MIN
,MMARY
,MOON
,MOONYOUNG
,MOOS
,MUTO
,Ma
,Maasung
,Mabrouk
,Mac
,MacArthur
,MacManus
,Maceda
,Machida
,Maddalena
,Maddox
,Madoka
,Mae
,Maeby
,Maeda
,Maeng
,Maesa
,Maga
,Magda
,Maggie
,Maglasang
,Magoncia
,Maha
,Mahamud
,Mahbub
,Mahdi
,Mahmoud
,Maho
,Mahoney
,Mai
,Maija
,Maika
,Main
,Maite
,Majdalani
,Majima
,Maju
,Mak
,Makayla
,Makhmalbaf
,Makiko
,Makimura
,Makoto
,Maksym
,Mal
,Mala
,Malea
,Maleki
,Malem
,Malik
,Malro
,Mamberti
,Mammini
,Mamoru
,Mamun
,Man
,Mana
,Manabu
,Manai
,Manami
,Manar
,Mandic
,Manel
,Manette
,Mang
,Mangala
,Mangat
,Manhee
,Manho
,Maningat
,Maniscalco
,Manita
,Mann
,Manny
,Manop
,Manse
,Mantiri
,Manu
,Manuel
,Mao
,Marc
,Marcanthonee
,Marceline
,Marcelo
,Marchione
,Marcin
,Marciniak
,Marco
,Marcus
,Marg
,Margaret
,Margaretha
,Margo
,Mari
,Maria
,Mariana
,Marianne
,Marie
,Maries
,Marife
,Marilena
,Marin
,Marina
,Marini
,Marino
,Marinova
,Mario
,Marisol
,Marivic
,Mark
,Marko
,Markus
,Marlow
,Maro
,Marolle
,Marsh
,Marshall
,Mart
,Marta
,Marthino
,Martial
,Martin
,Martine
,Martineau
,Martinez
,Martinkova
,Martins
,Martinson
,Marty
,Martín
,Martínez
,Maruyama
,Mary
,María
,Masa
,Masaaki
,Masae
,Masafumi
,Masahiro
,Masakatsu
,Masaki
,Masako
,Masami
,Masana
,Masanobu
,Masaru
,Masashi
,Masato
,Masatomo
,Masatoshi
,Masatosi
,Masatō
,Masaya
,Masayuki
,Mashiho
,Mashima
,Mashiro
,Masiero
,Maslarova
,Masoch
,Mason
,Massimo
,Masterson
,Masuda
,Masutomi
,Mathieu
,Matija
,Matilda
,Matley
,Matobu
,Matos
,Matousek
,Matsuda
,Matsui
,Matsujiro
,Matsukuma
,Matsumiya
,Matsumoto
,Matsumura
,Matsuo
,Matsusaburo
,Matsushima
,Matsuyama
,Matt
,Mattef
,Matthew
,Matthias
,Matty
,Matys
,Matías
,Maude
,Maui
,Maurice
,Mauricio
,Maury
,Max
,Maximilian
,Maxwel
,May
,Maya
,Maybee
,Maydoni
,Mayu
,Mayumi
,Mazars
,Mc
,McCarthy
,McClain
,McClure
,McCormick
,McCoubrey
,McCreary
,McDaniel
,McDonie
,McEllin
,McGarvey
,McGrath
,McGuire
,McInnis
,McKeague
,McKenna
,McKinnon
,McLaughlin
,McLeod
,McLoughlin
,Meari
,Mears
,Med
,Medalla
,Mee
,Meejamarat
,Meen
,Meg
,Megan
,Megu
,Meguri
,Mehler
,Mehmet
,Mei
,Meiqi
,Meisa
,Meixner
,Meizi
,Melania
,Melinda
,Melissa
,Melita
,Melton
,Meme
,Mendías
,Menezes
,Meng
,Mengjun
,Mengmeng
,Menho
,Mentberger
,Meomi
,Meong
,Meral
,Mercedes
,Merlin
,Mertens
,Mesa
,Meta
,Metin
,Mette
,Mew
,Mewes
,Meyers
,Mi
,Mia
,Miae
,Miao
,Micaela
,Micah
,Micara
,Michael
,Michaels
,Michal
,Michalec
,Micheal
,Michel
,Micheli
,Michell
,Michelle
,Michiko
,Michio
,Michul
,Mickey
,Micol
,Microdot
,Mid
,Middleton
,Midori
,Miedema
,Mieke
,Mielke
,Mielniczenko
,Mifune
,Miguel
,Mihawk
,Mihiro
,Miho
,Mihye
,Mihyun
,Miike
,Mijung
,Mika
,Mikael
,Mikawa
,Mike
,Mikey
,Miki
,Mikiko
,Miky
,Mikyung
,Mil
,Mila
,Milan
,Milena
,Miles
,Milez
,Mill
,Miller
,Millette
,Mills
,Milo
,Min
,Mina
,Minadeo
,Minae
,Minah
,Minami
,Minatozaki
,Minchae
,Mine
,Minegishi
,Ming
,Minghao
,Mingu
,Mingyeong
,Minh
,Minha
,Minhee
,Minho
,Minhyeok
,Minhyun
,Ministry
,Minjae
,Minjeong
,Minji
,Minjin
,Minju
,Minjung
,Minki
,Minkowski
,Minks
,Minkyou
,Minkyung
,Minnie
,Mino
,Minori
,Minouk
,Minsoo
,Minsuk
,Minsung
,Minu
,Minwoo
,Minyu
,Mir
,Mira
,Miranda
,Mirang
,Mirani
,Mirei
,Miriam
,Mirjana
,Miroslav
,Miru
,Miryo
,Misaki
,Misako
,Misang
,Misato
,Mischa
,Mise
,Miseon
,Mishra
,Misola
,Mistugu
,Misun
,Mitch
,Mitchell
,Mithra
,Mitjans
,Mitsuharu
,Mitsuki
,Mitsuko
,Mitsuo
,Mitsuru
,Mitsushima
,Mitsuyo
,Mittelman
,Miura
,Miwako
,Mixcamp
,Miyabe
,Miyagawa
,Miyakawa
,Miyake
,Miyama
,Miyamoto
,Miyawaki
,Miyazaki
,Miyeon
,Miyu
,Miyuki
,Mizuguchi
,Mizuhara
,Mizuki
,Mizumi
,Mizusaki
,Mizuta
,Mizutani
,Mićanović
,Mo
,Moa
,Mobsitte
,Modanqing
,Modo
,Moe
,Moez
,Mohamed
,Mohammad
,Mohammed
,Mohsen
,Mok
,Molinari
,Molnár
,Molozhavaya
,Mommy
,Momo
,Momonaga
,Momose
,Mona
,Mondher
,Mondi
,Mones
,Mong
,Mongdol
,Mongta
,Monica
,Monika
,Mono
,Monroe
,Montblanc
,Montiel
,Moo
,Moon
,Moonbyul
,Moonchil
,Mooney
,Moonhwa
,Moonsu
,Moore
,Mora
,Morag
,Moragas
,Morel
,Moreno
,Moretz
,Morgan
,Morgenstern
,Mori
,Morim
,Morimoto
,Morio
,Morit
,Moritz
,Morrison
,Morrow
,Mortimer
,Mos
,Moscareto
,Mosley
,Moss
,Mosurović
,Moteki
,Motosada
,Motoyama
,Mott
,Mouelhi
,Moung
,Mountain
,Mourad
,Mowg
,Mr
,Mr.
,Mraz
,Mu
,Mu:p
,Mueck
,Muel
,Muenzen
,Muhwagwa
,Mui
,Mujin
,Muk
,Mukdeeprom
,Mulai
,Mulkey
,Mum
,Mun
,Munetaka
,Mungai
,Mungyeong
,Munhwan
,Munkhjiin
,Munkhsukh
,Munkroot
,Murakami
,Muramoto
,Murase
,Murat
,Murayama
,Muro
,Murphy
,Musaev
,Mushvenom
,Music
,Musset
,Musso
,Mustafa
,Muto
,Mutsuo
,Muxuan
,Muzie
,Muñoz
,Myagmarnaran
,Myeon
,Myeong
,Myeonggong
,Myeonggyun
,Myeongho
,Myeongsin
,Myeongsoo
,Myers
,Myeung
,Myke
,Myn
,Myo
,Myoeng
,Myong
,Myoui
,Myoung
,Myra
,Myron
,Myung
,Myunghaeng
,Myungjong
,Myungkwan
,Myungsoo
,Myungwon
,Márk
,Mélanie
,Müller
,N
,N.
,NAKTA
,NASTYONA
,NAVINCI
,NC.A
,NI
,NIve
,NOUE
,NS.
,NZ
,Na
,NaI
,Naang
,Nabiya
,Nabokov
,Nacca
,Nachar
,Nadia
,Nae
,Naejoo
,Naeng
,Naeri
,Nag
,Nagahori
,Nagamori
,Nagano
,Naganuma
,Nagasawa
,Nagashima
,Nagiko
,Nagisa
,Nagomi
,Nah
,Naho
,Nahyeong
,Nahzamsue
,Nahéma
,Nainoa
,Nak
,Nakagawa
,Nakagoshi
,Nakahara
,Nakajima
,Nakamoto
,Nakamura
,Nakanishi
,Nakao
,Nakashige
,Nakata
,Nakatani
,Nakazawa
,Nakazono
,Naki
,Nako
,Nakyoon
,Nal
,Nalie
,Nam
,Namdar
,Namgon
,Namgung
,Namgya
,Namiki
,Namkoong
,Namkung
,Namsan
,Nan
,Nana
,Nanami
,Nanaumi
,Nanci
,Nancy
,Nanju
,Nao
,Naoka
,Naoki
,Naoko
,Naomi
,Naoto
,Naoya
,Naoyuki
,Naparee
,Narae
,Narendra
,Nari
,Nariman
,Narsha
,Naruaki
,Naruse
,Nas
,Nassaney
,Nassim
,Nasu
,Nat
,Natalia
,Natalie
,Natallia
,Natascha
,Natasha
,Natassia
,Nataša
,Nathan
,Natsuki
,Natsumi
,Natsuyagi
,Natsuyama
,Nattawut
,Naudin
,Naujo
,Navada
,Navarrete
,Navi
,Navrátil
,Nayeon
,Naylor
,Nayoon
,Necesito
,Ned
,Neeson
,Negri
,Nehls
,Neikrug
,Neil
,Neimah
,Neira
,Nekvasil
,Nele
,Neligan
,Nellisa
,Nelson
,Nemanja
,Nene
,Neo
,Neom
,Ness
,Nessrine
,Neuhaus
,Neul
,Neulsaem
,Neung
,New
,Newhouse
,Newnham
,Newton
,Ng
,Ngai
,Nguyen
,Ngọc
,Nho
,Ni
,NiCole
,Niall
,Niansong
,Nichkhun
,Nicholas
,Nick
,Nicky
,Nico
,Nicolas
,Nicole
,NicoleE
,Nicolás
,Niel
,Nielsen
,Nigel
,Nike
,Nikelola
,Nikita
,Nikki
,Niklas
,Niku
,Nilgün
,Nils
,Nimibutr
,Nina
,Nine
,Ning
,Ninh
,Ninomiya
,Nishan
,Nishikame
,Nishikawa
,Nishino
,Nishio
,Nishitani
,Nisrine
,Nissen
,Nitas
,Nitipong
,Nitta
,Niyomprasit
,Nizamidin
,No
,Noah
,Noble
,Noblett
,Noboru
,Nobuaki
,Nobuhiro
,Nobuko
,Nobutaka
,Nobuto
,Nobutoshi
,Nobuyasu
,Noe
,Noel
,Noelle
,Nogizaka
,Noh
,Noi
,Noji
,Nojima
,Nok
,Noka
,Nokes
,Nollaig
,Nomura
,Nonzee
,Noo
,Nora
,Norbert
,Nordbrock
,Noreen
,Norihito
,Noriko
,Norio
,Norizuki
,Norman
,Norodom
,Norris
,Not
,Notsun
,Nou
,Noulin
,Novotná
,Novotný
,Now
,Nowell
,Nowon
,Nozaki
,Nozawa
,Noze
,Nu
,Nucksal
,Nuga
,Nuhash
,Nung
,Nuol
,Nurentui
,Nuri
,Nuria
,Nuttida
,Nyang
,Nyeo
,Nyeon
,Nyeong
,Nyman
,Néstor
,O
,O'Brien
,O'Connell
,O'Connor
,O'Farrell
,O'Hara
,O'Maille
,O'Mi
,O'Mogáin
,O'Toole
,O.
,O.de
,OH
,OOON
,Oak
,Oaliullah
,Oan
,Oba
,Obara
,Obispo
,Obornik
,Obst
,Ock
,Ocovaj
,Octavia
,Oda
,Odagiri
,Odd
,Oddi
,Of
,Ogawa
,Ogura
,Oh
,Ohata
,Ohkubo
,Ohyeon
,Oi
,Oian
,Oidovjamts
,Oishi
,Oj
,Ok
,Okada
,Okamoto
,Okano
,Okazaki
,Okhee
,Oki
,Oksun
,Okubo
,Okuda
,Okyere
,Ol
,Olav
,Oleg
,Olena
,Olga
,Oliveira
,Oliver
,Olivia
,Olivier
,Olli
,Olltii
,Olmsted
,Olukayode
,Om
,Omar
,Omirbayev
,On
,Ondrej
,One
,Onew
,Ong
,Onishi
,Ono
,Onodera
,Onogawa
,Onse
,Onyou
,Ooh
,Ooishi
,Oong
,Ooyou
,Oriane
,Orielvis
,Oriol
,Oriolo
,Orlando
,Orlove
,Orrico
,Osabe
,Osaki
,Osamu
,Osborne
,Osburn
,Oshida
,Oshii
,Oshin
,Osment
,Osmund
,Osor
,Osternacher
,Osugi
,Ota
,Otani
,Otoo
,Otterdal
,Ottinger
,Ou
,Ougie
,Oui
,Ounie
,Oura
,Outinen
,Oxenbridge
,Oxmo
,Ozaki
,Ozawa
,P
,P.G.K
,PARK
,PD
,POEM
,Pa
,Pablo
,Pace
,Pacheco
,Paciotto
,Pacquiao
,Padma
,Pae
,Paek
,Paeng
,Page
,Pai
,Paiaya
,Paik
,Pak
,Pal
,Palcr
,Pallo
,Palm
,Palmieri
,Pamela
,Pan
,Panahi
,Pandey
,Pang
,Pani
,Panicker
,Panjamawat
,Pansringarm
,Paola
,Paolo
,Papenbrook
,Papichaya
,Paquet
,Pardilla
,Parizcova
,Park
,ParkKang
,Parker
,Parksounds
,Paroiu
,Parry
,Parsons
,Pascale
,Pasqualino
,Pastoll
,Patamanadda
,Pater
,Pathak
,Patrice
,Patricia
,Patricio
,Patrick
,Patrik
,Patry
,Pattama
,Pau
,Paul
,Paula
,Pauline
,Paulo
,Paulsen
,Paulus
,Pavel
,Pavlík
,Pea
,Peace
,Pearch
,Pearl
,Pearson
,Pedro
,Pedroso
,Peele
,Pegg
,Pei
,Pen
,Peng
,Peniel
,Penny
,Penotti
,Penpak
,Peper
,Per
,Peralta
,Peranson
,Perez
,Perisic
,Perlongher
,Perrott
,Perry
,Petchtai
,Pete
,Petekkaya
,Peter
,Petr
,Petrović
,Petty
,Petřina
,Peyser
,Peyton
,Peña
,Pham
,Phan
,Phantana
,Pharinyakorn
,Phil
,Phile
,Philip
,Philipp
,Philippe
,Philipson
,Phillip
,Phillips
,Pho
,Phoebe
,Phun
,Phuong
,Pi
,Piel
,Pier
,Pierce
,Pierre
,Pierson
,Piggott
,Piir
,Pik
,Pil
,PilHun
,Pilar
,Pill
,Pim
,Pimpaka
,Pina
,Pinette
,Ping
,Pinkaew
,Pip
,Pippa
,Pirnia
,Pirola
,Piñeiro
,Plessis
,Po
,Poitras
,Pok
,Pol
,Polchlopek
,Polito
,Polly
,Poláková
,Ponchy
,Pong
,Pongsanart
,Poo
,Pool
,Poole
,Poon
,Poong
,Poongho
,Poopirom
,Pooung
,Pope
,Poplyk
,Popochock
,Popp
,Poppet
,Pornchai
,Porta
,Porter
,Pospisil
,Potato
,Potts
,Potuzník
,Pous
,Pow
,Ppum
,Prachya
,Pradeep
,Prado
,Praepetch
,Pran
,Prao
,Prapatanan
,Preddy
,Present
,Presheva
,Prestrud
,Price
,Primary
,Pronsky
,Protić
,Proudrawee
,Prévot
,Psy
,Pu
,Pub
,Puccino
,Pueakpoolpol
,Puett
,Pulip
,Pumkin
,Pung
,Puranen
,Pureundeul
,Purevsuren
,Purkayastha
,Purple
,Pushpakumara
,Puvanai
,Pye
,Pyeon
,Pyeong
,Pyo
,Pyong
,Pyung
,Péter
,Q
,Qi
,Qian
,Qianqian
,Qianyi
,Qin
,Qing
,Qingping
,Qiu
,Qmeng
,Qri
,Quee
,Queen
,Quiett
,Quinlan
,Quinn
,Quintart
,Quiqueré
,R.
,R2
,RADIO
,RALRAL
,REM
,RIO
,ROCK
,ROLL
,Ra
,Rach
,Rachel
,Rack
,Rackard
,Radončić
,Radovan
,Rae
,Rafael
,Rafferty
,Rageon
,Rah
,Rahel
,Rahi
,Rahim
,Rahman
,Raichi
,Raiher
,Raimond
,Rain
,Rajan
,Rajanayagam
,Rak
,Ralph
,Ram
,Rami
,Ramin
,Ramo
,Ramón
,Ran
,Rang
,Ranggi
,Raouf
,Raphael
,Rasch
,Rasmussen
,Ratanaruang
,Ratima
,Raul
,Ravello
,Raven
,Ravi
,Raw
,Ray
,Raya
,Raymon
,Raymond
,Rayne
,Rayns
,Rayoon
,Raz
,Re
,Rea
,Reba
,Rebecca
,Rebel
,Rebucas
,Rechsteiner
,Recto
,Red
,Redgirl
,Redman
,Ree
,Reed
,Regis
,Rehanzl
,Rei
,Reid
,Reiko
,Reilly
,Reina
,Reis
,Remesh
,Ren
,Renae
,Renata
,Rench
,Renee
,Renji
,Renjun
,Renn
,Renuaras
,Renwick
,Retta
,Reum
,Reun
,Rex
,Reynolds
,Reza
,Rezvany
,Rhee
,Rheem
,Rho
,Rhyu
,Ri
,Riahi
,Rian
,Ric
,Ricardo
,Riccardo
,Ricci
,Rich
,Richard
,Richards
,Rick
,Ricky
,Rie
,Riebli
,Rigo
,Rigzin
,Rihey
,Rihlmann
,Riho
,Rika
,Rikisaburo
,Riko
,Riku
,Rillon
,Rim
,Rima
,Rimario
,Rimský
,Rin
,Rina
,Rintaro
,Rio
,Risa
,Risabae
,Rispoli
,Rival
,Riverton
,Riyonun
,Ro
,Road
,Roark
,Rob
,RobYn
,Robbie
,Robert
,Roberts
,Robin
,Robinson
,Robo
,Rocha
,Rochette
,Rock
,Rocky
,Roco
,Rodrigo
,Rodriguez
,Rodríguez
,Roeca
,Roger
,Roh
,Rohling
,Roi
,Rojas
,Rok
,Roland
,Rolando
,Rolle
,Rom
,Romain
,Roman
,Romana
,Romero
,Rommel
,Román
,Ron
,Ronald
,Ronan
,Rong
,Rongguang
,Ronnie
,Roo
,Roosters
,Root
,Rosa
,Rosario
,Rose
,Roseanne
,Rosenmüller
,Roshin
,Rosie
,Ross
,Roth
,Rothery
,Rothwell
,Rothy
,Rottenschweiler
,Rottner
,Roundtree
,Rowan
,Rowoon
,Rowse
,Roxy
,Roy
,Royston
,Rozotte
,Ru
,Ruben
,Ruby
,Rucavina
,Ruddick
,Rudolf
,Rue
,Ruffley
,Ruggiero
,Rui
,Ruiz
,Ruka
,Ruogu
,Rupp
,Rupple
,Ruri
,Ruslan
,Russbueldt
,Russell
,Rust
,Ruzmetova
,Ryan
,Ryang
,Ryanne
,Rye
,Ryeo
,Ryeol
,Ryeon
,Ryeong
,Ryeoun
,Ryeowook
,Ryeu
,Rylee
,Ryo
,Ryohei
,Ryong
,Ryoo
,Ryool
,Ryoon
,Ryoong
,Ryotaro
,Ryu
,Ryuha
,Ryuichi
,Ryuji
,Ryujin
,Ryul
,Ryun
,Ryung
,Ryunhoi
,Ryusei
,Ryuseok
,Ryusuke
,Ryutaro
,Ryôhei
,Rémi
,Río
,Růžena
,S.
,S.K.
,SABU
,SANGWOO
,SE
,SEO
,SEONG
,SJ
,SOLE
,SOUND
,SP
,SUN
,SUNG
,Sa
,Saad
,Saada
,Saade
,Sabine
,Sabrina
,Sacher
,Sae
,Saem
,Saemi
,Saeng
,Saerom
,Saet
,Safai
,Safr
,Sagisu
,Sagong
,Sai
,Saif
,Saiful
,Saikou
,Saimi
,Saint
,Saito
,Saitō
,Sajakul
,Saka
,Sakaguchi
,Sakamoto
,Sakata
,Saki
,Sakuma
,Sakura
,Sakuraba
,Sakurai
,Sakurako
,Sakurano
,Salazar
,Salcedo
,Sales
,Salim
,Sally
,Salomé
,Salvaggio
,Salvy
,Sam
,Sami
,Sammy
,Sampson
,Samson
,Samuel
,Samuhel
,Samura
,San
,Sana
,Sanada
,Sanchez
,Sandara
,Sande
,Sandeul
,Sandra
,Sands
,Sandy
,Sang
,SangChu
,SangGyun
,SangJik
,Sangbaeg
,Sangdeok
,Sanghee
,Sangho
,Sanghoon
,Sanghyeon
,Sanghyun
,Sangjun
,Sangman
,Sangmi
,Sangmyeong
,Sangwhan
,Sangwoo
,Sangyeon
,Sangyoon
,Sanjeewa
,Sann
,Sano
,Sanping
,Santiago
,Santinatornkul
,Santos
,Sapszon
,Saputra
,Saqib
,Sara
,Sarah
,Sarasas
,Sarin
,Sarina
,Sarmiento
,Sarrey
,Saryu
,Sasaki
,Sasanatieng
,Sascha
,Sasha
,Sasse
,Sato
,Satomi
,Satoru
,Satoshi
,Satou
,Satsuma
,Satur
,Satô
,Sau
,Savage
,Savenije
,Savika
,Sawako
,Sawano
,Sawant
,Sawol
,Sawoo
,Sawyers
,Sayaka
,Sayette
,Sayin
,Sayombhu
,Sayuri
,Sazal
,Scaglione
,Schillinger
,Schillings
,Schmidt
,Schnee
,Schneider
,Schuurman
,Schwartz
,Schweikardt
,Schwery
,Scire
,Scofield
,Scott
,Scotty
,Scranton
,Se
,Seagal
,Seamus
,Sean
,Sebastian
,Seehausen
,Seen
,Seeweesriruth
,Seewoo
,Segal
,Segawa
,Segovia
,Seh
,Sehong
,Sehun
,Sehyeong
,Sehyun
,Sei
,Seigo
,Seike
,Seiko
,Seille
,Seisuke
,Seixas
,Seizô
,Sejin
,Sejong
,Sejun
,Sejung
,Sekiguchi
,Selbach
,Selim
,Sellami
,Semin
,Sen
,Sena
,Senatore
,Sendim
,Seng
,Sengedorj
,Senin
,Senji
,Senkichi
,Seo
,Seob
,Seobyeol
,Seock
,Seog
,Seogi
,Seoha
,Seohui
,Seohyun
,Seojin
,Seojung
,Seok
,Seokdo
,Seokhee
,Seokho
,Seokjin
,Seokjoo
,Seokpil
,Seoktae
,Seokwon
,Seol
,Seola
,Seolhee
,Seoljin
,Seolrok
,Seon
,Seoneun
,Seong
,Seongcheol
,Seongeun
,Seongho
,Seonghyeon
,Seongki
,Seongmoon
,Seongrim
,Seongtae
,Seonguk
,Seongwon
,Seongyeon
,Seonhee
,Seonhwa
,Seonhye
,Seonjeong
,Seonmin
,Seonn
,Seonnyeo
,Seonu
,Seop
,Seou
,Seoul
,Seoung
,Seoungeun
,Seoungho
,Seoyeong
,Seoyul
,Seoyun
,Serena
,Seresin
,Sergio
,Serim
,Sert
,Seth
,Setnicka
,Setoguchi
,Setsuko
,Seub
,Seuk
,Seul
,Seulgi
,Seulki
,Seung
,Seungchan
,Seungcheol
,Seungeun
,Seunggyu
,Seunghan
,Seungho
,Seunghoon
,Seunghun
,Seunghwa
,Seunghyeon
,Seunghyeop
,Seungil
,Seungjae
,Seungjoon
,Seungjun
,Seungmi
,Seungmin
,Seungpil
,Seungri
,Seungryong
,Seungtaek
,Seungu
,Seungun
,Seungwon
,Seungwoo
,Seunn
,Seuong
,Sevan
,Sevcik
,Sewon
,Sewoong
,Seyeong
,Seymour
,Seyoung
,Sha
,Shainberg
,Shalrom
,Shan
,Shana
,Shanaise
,Shane
,Shang
,Shanmuganathan
,Shannen
,Shannon
,Shao
,Shaohua
,Shaojun
,Shaowanasai
,Shaoyan
,Sharapova
,Sharif
,Sharon
,Shaw
,Shawn
,Shea
,Sheaks
,Sheehan
,Sheeran
,Sheets
,Sheh
,Shek
,Shekh
,Shelly
,Shen
,Sheng
,Shengjie
,Sheridan
,Sherman
,Sherpa
,Shi
,Shibata
,Shibukawa
,Shichiro
,Shieh
,Shiek
,Shiga
,Shigeji
,Shigekazu
,Shigeru
,Shigeyoshi
,Shih
,Shihori
,Shik
,Shim
,Shima
,Shimamura
,Shimeng
,Shimizu
,Shin
,Shin'ichi
,Shindong
,Shing
,Shingo
,Shinhee
,Shinho
,Shinichi
,Shinichiro
,Shinjang
,Shinji
,Shinnosuke
,Shinny
,Shinobu
,Shinohara
,Shinomiya
,Shinsuke
,Shinya
,Shinzo
,Shiraishi
,Shirakawa
,Shirasaki
,Shirley
,Shiro
,Shirosaki
,Shirō
,Shiu
,Shiwen
,Shizuka
,Sho
,Shohei
,Shoichi
,Shoichiro
,Shoji
,Shoko
,Shon
,Shoo
,Shook
,Shorry
,Shosuke
,Shota
,Shotaro
,Shou
,Showgang
,Showpon
,Shrestha
,Shu
,Shuhua
,Shujiro
,Shum
,Shuming
,Shun
,Shunji
,Shunsuke
,Shuttleworth
,Shōhei
,Shūji
,Si
,Sia
,Siam
,Sica
,Sichov
,Sick
,Siddhant
,Sidney
,Siegmund
,Sieun
,Signe
,Sihanouk
,Sihung
,Sihyeon
,Sihyun
,Sijanec
,Sik
,Sil
,Silberman
,Silná
,Silva
,Silverman
,Silvi
,Silvia
,Sim
,Simeez
,Simeon
,Simmons
,Simok
,Simon
,Simpson
,Sin
,SinB
,Sinem
,Sing
,Singh
,Singhamat
,Singyu
,Sinjali
,Sinmo
,Sinnapa
,Siomo
,Sion
,Sirikul
,Sirulnick
,Sisson
,Sisters
,Sitar
,Sitoura
,Sittichok
,Siu
,Sivaroj
,Siwoo
,Sixo
,Siyeon
,Siyoung
,Skermann
,Skerra
,Skoti
,Skripchenko
,Skull
,Sky
,Slade
,Slagle
,Slater
,Slavikova
,Sleepy
,Slotky
,Slvian
,Smith
,Smukalla
,Snag
,Snow
,So
,SoYeong
,Soa
,Sob
,Soboil
,Soe
,Soebandono
,Soel
,Sofia
,Sogil
,Soh
,Sohee
,Sohn
,Soho
,Sohwa
,Sohyun
,Soi
,Soichiro
,Sojeong
,Soji
,Sok
,Sokeel
,Sokze
,Sol
,Solanky
,Solar
,Solbi
,Solha
,Solnicki
,Solomon
,Som
,Somebody
,Somers
,Sompot
,Sompote
,Somsak
,Son
,SonStar
,Soncin
,Sone
,Song
,Songhwa
,Songjuhui
,Sonju
,Sonn
,Sono
,Sonya
,Soo
,Soobi
,Soobin
,Soohyun
,Sooji
,Soojin
,Soojung
,Sook
,Sookja
,Soomin
,Soon
,Soong
,Soonhyeon
,Soonie
,Soonjun
,Soonkki
,Soonmi
,Soosan
,Sooyeon
,Sooyong
,Sooyoung
,Sophia
,Sophie
,Sophy
,Sora
,Sorensen
,Sori
,Sorich
,Soriwat
,Sosuk
,Sota
,Sou
,Souha
,Souibgui
,Souji
,Soul
,Soules
,Sounosuke
,Sow
,Sowon
,Soy
,Soyee
,Soyeon
,Soyeong
,Soyou
,Soyoung
,Soyun
,Spasov
,Spassione
,Spencer
,Spiegel
,Spike
,Spink
,Spring
,Springer
,Sreng
,Srđan
,Ssinnim
,Sso
,St.
,Stadler
,Stallone
,Stanciu
,Stanculeanu
,Stanfield
,Stanislav
,Stanley
,Star
,Stastny
,Staudacher
,Stefan
,Stefanie
,Stefanovics
,Steinbrugge
,Stella
,Stephanie
,Stephen
,Steve
,Steven
,Stew
,Stewart
,Stillman
,Stimson
,Stoilov
,Stojanović
,Stone
,Storm
,Stormare
,Strassman
,Stratakis
,Straub
,Stream
,Strickland
,Strniša
,Stroh
,Studio
,Stulin
,Style
,Su
,SuYeon
,Sua
,Suah
,Suam
,Suan
,Sub
,Subin
,Sucharitchan
,Sudarshan
,Sudip
,Sudo
,Sue
,Suen
,Sug
,Suga
,Sugako
,Sugar
,Sugata
,Sugil
,Sugimoto
,Sugino
,Sugisaki
,Sugiyama
,Sugyeong
,Suh
,Suhee
,Suho
,Suhyeon
,Suil
,Suji
,Sujie
,Sujin
,Sujun
,Suk
,SukHwan
,Sukhui
,Sukhyun
,Sul
,Sulli
,Sum
,Sumi
,Sumin
,Sumner
,Sun
,Sunahara
,Sunbin
,Sung
,SungPil
,Sungbum
,Sungchan
,Sunggu
,Sunghee
,Sungho
,Sunghoon
,Sunghwan
,Sunghyo
,Sunghyun
,Sungil
,Sungjoon
,Sungjung
,Sungok
,Sungsoo
,Sungsun
,Sungtae
,Sungtaek
,Sungwan
,Sungwoo
,Sungyeon
,Sunho
,Sunhui
,Sunhyuk
,Sunil
,Sunjha
,Sunju
,Sunmin
,Sunny
,Sunoo
,Sunsook
,Sunwoo
,Sunwoong
,Sunyoung
,Suo
,Suon
,Sup
,Superbee
,Supranee
,Sur
,Surina
,Suro
,Surtees
,Suryeon
,Susanna
,Susannah
,Susie
,Susukida
,Suwa
,Suwinit
,Suyeol
,Suyeon
,Suzanne
,Suzo
,Suzuki
,Suzy
,Svandrlik
,Sverre
,Svetozar
,Svoboda
,Sweden
,Sweet
,Swenlin
,Swings
,Swinton
,Sya
,Syd
,Sydorchuk
,Sye
,Syed
,Sylvan
,Sylvester
,Sylvia
,Synderela
,Syndi
,Synergy
,Syngman
,Syobodova
,Syu
,Syuka
,Szabo
,Szabó
,Sze
,Szu
,Sébastien
,Sönmez
,Sørdal
,T
,T.
,T.J.
,T.K.
,TK
,TOM
,TWO
,Ta
,Tabata
,Tabitha
,Tablo
,Tachibana
,Tack
,Taczanowski
,Tada
,Tadanari
,Tadashi
,Tadaveerawat
,Tadayoshi
,Tae
,Taec
,Taedeog
,Taeeun
,Taegu
,Taehwan
,Taehyeon
,Taeil
,Taejee
,Taejoo
,Taek
,Taekeun
,Taeko
,Taekyun
,Taekyung
,Taell
,Taemi
,Taemin
,Taesung
,Taewan
,Taewoo
,Taewoong
,Taeyang
,Taeyeon
,Taeyong
,Taeyoung
,Tagawa
,Tago
,Tagoon
,Tahanti
,Tai
,Taik
,Taira
,Taisetsu
,Taito
,Tak
,Taka
,Takaaki
,Takada
,Takagi
,Takahashi
,Takahide
,Takahiro
,Takahito
,Takako
,Takakuwa
,Takamiya
,Takamizawa
,Takanobu
,Takasa
,Takashi
,Takashima
,Takaso
,Takatsuki
,Take
,Takeda
,Takefumi
,Takehito
,Takehora
,Takeiji
,Takeji
,Takeko
,Takeo
,Takeshi
,Takeshita
,Takeuchi
,Taki
,Takiuchi
,Takuji
,Takuma
,Takuya
,Talevi
,Talha
,Talisman
,Tam
,Tamaki
,Tamara
,Tamiya
,Tammy
,Tamras
,Tan
,Tanabe
,Tanaka
,Taner
,Tang
,Tanigawa
,Taniguchi
,Tanihara
,Tanzawa
,Tao
,Tapia
,Tapušković
,Tar
,Tara
,Tarabichi
,Tarason
,Tariq
,Tariqat
,Taro
,Taruto
,Tarō
,Taschler
,Taslim
,Tasuku
,Tat
,Tatar
,Tatsuya
,Tatsuzô
,Tavel
,Tawfiq
,Tay
,Taylor
,Tayyrov
,Tcha
,Te
,Tea
,Teber
,Tebo
,Tech
,Techaratanaprasert
,Ted
,Teddy
,Tee
,Tegan
,Tehrani
,Tei
,Tek
,Tekindor
,Tekn
,Telfer
,Ten
,Tengfei
,Tenjing
,Tenzin
,Teo
,Teoh
,Teppei
,Terada
,Terai
,Teramoto
,Tere
,Terence
,Teresa
,Tereza
,Terra
,Terris
,Terry
,Teru
,Teryl
,Tetsu
,Tetsuro
,Tetsuya
,Tetta
,Teyu
,Thaddeus
,Thais
,Thanathep
,Thanayong
,Thanh
,Thasila
,Thati
,The
,Theodora
,Theresa
,Thewphaingam
,Thi
,Thian
,Thin
,Thinthupthai
,Thirkield
,Thitiya
,Thomas
,Thompson
,Thona
,Thongbai
,Thornton
,Thu
,Thye
,Thư
,Ti
,Tian
,Tianyang
,Tianyu
,Ticera
,Tiernan
,Tiffany
,Tiger
,Tilda
,Tim
,Timmy
,Timo
,Timothee
,Timothy
,Timur
,Tin
,Tina
,Ting
,Tinnapob
,Tinnasit
,Tino
,Titus
,Tiziana
,Tjandrawidjaja
,To
,Tobias
,Toby
,Toda
,Todd
,Todor
,Toesa
,Tokihiko
,Tokuda
,Tokunaga
,Toll
,Tom
,Tomas
,Tomaszewski
,Tomiyama
,Tommy
,Tomo
,Tomoda
,Tomohiko
,Tomoka
,Tomoko
,Tomomatsu
,Tomomitsu
,Tomorbaataryn
,Tomoya
,Tomáš
,Ton
,Tong
,Tonge
,Tony
,Too
,Topel
,Torigoe
,Toriumi
,Toru
,Toshie
,Toshihiro
,Toshiki
,Toshio
,Toshirō
,Toshiyuki
,Touchi
,Touko
,Towira
,Townsend
,Toyama
,Toygan
,Toyne
,Toyohara
,Trae
,Train
,Tramel
,Tran
,Trang
,Travers
,Travys
,Trawoeger
,Treacy
,Tremblay
,Tricia
,Trilla
,Tripathi
,Trisha
,Trividic
,Trophy
,Troshev
,Trump
,Ts.Khuselbaatar
,Tsai
,Tsakiris
,Tsang
,Tsavaris
,Tschang
,Tse
,Tsegmid
,Tsegmidiin
,Tseptam
,Tserenbold
,Tsering
,Tsetan
,Tso
,Tsogbadrakh
,Tsubomi
,Tsuchiya
,Tsuge
,Tsuji
,Tsujioka
,Tsukahara
,Tsukamoto
,Tsukasa
,Tsuki
,Tsukimoto
,Tsumabuki
,Tsumura
,Tsun
,Tsunehiko
,Tsurumi
,Tsutai
,Tsutomu
,Tsuyoshi
,Tsz
,Tu
,Tuan
,Tuce
,Tucia
,Tukutz
,Tumurbat
,Tung
,Tuomo
,Tupin
,Turbill
,Turebayev
,Turgut
,Turle
,Turnbull
,Turner
,Tursunova
,Tuyen
,Twanda
,Twist
,Tyler
,Tzu
,Tómas
,U
,U;Nee
,UI
,UNG
,Ucha
,Ucheol
,Uchida
,Uchinaga
,Uck
,Udomsartporn
,Ueda
,Uehara
,Uel
,Ueno
,Uenobori
,Ugay
,Uh
,Uhlig
,Uhm
,Uhn
,Uhuhboo
,Uhyeok
,Ui
,Uie
,Uihan
,Ujae
,Uk
,Ulkay
,Ulrich
,Ulrike
,Ulzii
,Um
,Umebayashi
,Umehara
,Umemiya
,Umji
,Un
,Uncle
,Ung
,Ungr
,Unicorn
,University
,Unno
,Uno
,Unzery
,Up
,Uranchimeg
,Urara
,Urbanek
,Urgain
,Urn
,Urtnasan
,Uslu
,Usui
,Ute
,Utku
,Uyeon
,Uğurlu
,V
,VI
,VII
,VIII
,VIVINOS
,Vaccaro
,Vaclav
,Vaclavek
,Vad
,Vadym
,Valdiviesco
,Valencia
,Valentin
,Valentine
,Valerie
,Valta
,Van
,Vanessa
,Vanfrancken
,Vantha
,Varsakopoulos
,Vasillev
,Vasily
,Vasinanon
,Vatsov
,Vavrina
,Vazquez
,Vela
,Velcl
,Velek
,Velez
,Velingerová
,Veloso
,Veloza
,Venny
,Vera
,Verbal
,Verdette
,Vernon
,Veronique
,Vervecken
,Veselý
,Veyra
,Vic
,Vickery
,Victor
,Victoria
,Victoriano
,VideoRose
,Viini
,Vikander
,Vikash
,Viktor
,Villa
,Villar
,Vince
,Vincent
,Vine
,Vinn
,Vinsiri
,Vio
,Viola
,Violet
,Vitek
,Vithaya
,Vivian
,Vlad
,Vladimir
,Vladimír
,Vlcek
,Vodvarka
,Vojtěch
,Vomacka
,Voort
,Vrabelová
,Vratislav
,Vu
,Vuchny
,Vycital
,Václav
,Vít
,W.
,W.A.
,WAX
,WON
,Wa
,Wa$abii
,Waard
,Wada
,Wah
,Wai
,Waite
,Wak
,Wakejima
,Wakeshima
,Walaipech
,Walalce
,Walker
,Wallace
,Walls
,Wally
,Walman
,Walsh
,Walsman
,Walters
,Wan
,Wang
,Wanibuchi
,Wanmin
,Wansze
,Wanxiong
,Wanyan
,Warburton
,Ward
,Warner
,Warzecha
,Wassberg
,Wassim
,Wasted
,Watabe
,Watanabe
,Wataru
,Watase
,Watcharaporn
,Waters
,Watson
,Wayne
,We
,Webeck
,Webster
,Wedman
,Wee
,Weerasethakul
,Wei
,Weian
,Weigertová
,Weihao
,Weil
,Weiss
,Weisz
,Welch
,Wells
,Wen
,Wendy
,Wenfeng
,Wenhong
,Wenkang
,Weon
,Wera
,Werner
,Wesley
,Westberg
,Westheimer
,Wha
,Whang
,Whee
,Wheein
,White
,Whitehead
,Whitely
,Wi
,Wicksman
,Widrig
,Wie
,Wiedmann
,Wildhorn
,Will
,Willems
,William
,Williams
,Williamson
,Willie
,Willmann
,Willy
,Wilson
,Windges
,Wing
,Winnie
,Winter
,Winwin
,Wish
,Wisit
,Wizdan
,Wojahn
,Wol
,Wolhwa
,Wolpi
,Wolseong
,Womans
,Won
,Wonain
,Wonbin
,Wong
,Wongchai
,Wongchoti
,Wongkamlao
,Wongtrakul
,Wongyu
,Wonhyeop
,Wonhyok
,Wonjong
,Wonjoong
,Wonmo
,Wonstein
,Wonsuk
,Wonwoo
,Woo
,Woodhead
,Woody
,Wooheon
,Woohyeong
,Woohyuk
,Wooi
,Woojin
,Woojung
,Wook
,Wool
,Woom
,Woon
,Woong
,Woongbae
,Woongbin
,Woonghui
,Woorim
,Woorin
,Wooseok
,Woosoo
,Woosung
,Wooyeon
,Wooyoung
,Woozi
,Wraith
,Wrench
,Wright
,Wu
,Wuk
,Wul
,Wun
,Wung
,Wyka
,Wynn
,Wysocki
,XERO
,XI
,XVI
,Xa
,Xanana
,Xanna
,Xavi
,Xavier
,Xi
,Xia
,Xiabo
,Xian
,Xiang
,Xiangnian
,Xiangying
,Xianhui
,Xiao
,Xiaodong
,Xiaofei
,Xiaojun
,Xiaoming
,Xiaoou
,Xiaoran
,Xiaoshuai
,Xiaotong
,Xiaowei
,Xiaoxi
,Xiaoyang
,Xiaoyu
,Xin
,Xinbo
,Xincao
,Xing
,Xingcheng
,Xinghan
,Xingye
,Xingyu
,Xinyi
,Xinzhe
,Xiumin
,Xixi
,Xu
,Xuan
,Xuansheng
,Xuanyi
,Xue
,Y
,Y.
,YANO
,YEZOON
,YIM
,YONG
,YOO
,YOOHYEON
,YOON
,YOU
,YOUNG
,YOYOMI
,YUN
,Ya
,Yabuki
,Yada
,Yae
,Yaerin
,Yagi
,Yaguchi
,Yahya
,Yak
,Yakumaru
,Yalalt
,Yalin
,Yam
,Yamada
,Yamaga
,Yamaguchi
,Yamamoto
,Yamamura
,Yamanaka
,Yamanouchi
,Yamappi
,Yamasaki
,Yamashita
,Yamazaki
,Yan
,Yana
,Yanagi
,Yanan
,Yang
,Yangchun
,Yangyang
,Yanin
,Yann
,Yannie
,Yannig
,Yao
,Yaongyi
,Yap
,Yaqub
,Yarou
,Yashusi
,Yasin
,Yassin
,Yasuaki
,Yasuhiro
,Yasumasa
,Yasushi
,Yasutaro
,Yat
,Yau
,Yavor
,Yayoi
,Yaсhun
,Ye
,Yea
,Yeajin
,Yedda
,Yee
,Yeeun
,Yeh
,Yein
,Yeji
,Yejin
,Yelim
,Yen
,Yena
,Yeo
,Yeob
,Yeoh
,Yeol
,Yeom
,Yeon
,Yeong
,Yeongdeok
,Yeongdu
,Yeonge
,Yeonghui
,Yeonghun
,Yeonghwa
,Yeongjin
,Yeongjun
,Yeongmin
,Yeongmok
,Yeongseong
,Yeongwan
,Yeongwol
,Yeonhwa
,Yeonjin
,Yeonjoo
,Yeonju
,Yeonjung
,Yeonsoo
,Yeonsuk
,Yeonu
,Yeonwook
,Yeop
,Yeoreum
,Yeoun
,Yeri
,Yerim
,Yerin
,Yeseul
,Yesilay
,Yesolbi
,Yeston
,Yesung
,Yetiş
,Yeun
,Yeung
,Yeunju
,Yewon
,Yeyoung
,Yi
,Yihua
,Yildirim
,Yim
,Yin
,Ying
,YingFei
,Yingxiang
,Yiombi
,Yip
,Yiran
,Yiren
,Yiroo
,Yiruma
,Yit
,Yiu
,Yiwei
,Yixing
,Yiğit
,Yo
,Yoann
,Yoba
,Yochkolovski
,Yohan
,Yohei
,Yoichi
,Yoichiro
,Yoko
,Yokota
,Yol
,Yom
,Yon
,Yonemura
,Yong
,Yongdae
,Yongha
,Yongho
,Yonghwan
,Yonghwi
,Yonghyeon
,Yonghyun
,Yongjae
,Yongjin
,Yongjoo
,Yongkun
,Yongkyu
,Yongqun
,Yongsuk
,Yongtae
,Yongwoo
,Yonrimog
,Yoo
,Yoochun
,Yoohee
,Yoojun
,Yoojung
,Yook
,Yool
,Yoon
,YoonKyung
,Yoona
,Yoonha
,Yoonhee
,Yoonho
,Yoonman
,Yoonmi
,Yoonsoo
,Yoonyool
,Yoonzi
,Yoonzy
,Yoorim
,Yoosun
,Yooyul
,Yorm
,Yosang
,Yoshi
,Yoshida
,Yoshihiro
,Yoshiie
,Yoshikawa
,Yoshikazu
,Yoshiko
,Yoshimoto
,Yoshimura
,Yoshinori
,Yoshio
,Yoshioka
,Yoshitaka
,Yoshitake
,Yoshiyuki
,Yoshizawa
,Yosuke
,You
,Youichi
,Youjin
,Youm
,Youn
,YounHee
,Youncheol
,Young
,Youngblood
,Youngbum
,Youngchul
,Youngdon
,Youngeun
,Younggi
,Youngho
,Younghoon
,Younghwa
,Younghwan
,Youngjae
,Youngjin
,Youngjo
,Youngjun
,Youngkyun
,Youngmin
,Youngok
,Youngore
,Youngsang
,Youngseok
,Youngsoo
,Youngsun
,Youngwoon
,Youngyong
,Youngzoo
,Younha
,Younjeong
,Yozoh
,Yu
,Yuan
,Yuanyuan
,Yuanzheng
,Yub
,Yubi
,Yue
,Yueh
,Yuen
,Yuet
,Yueting
,Yuh
,Yuhang
,Yui
,Yuichi
,Yuin
,Yuina
,Yuji
,Yujia
,Yujin
,Yuju
,Yuk
,Yuka
,Yukako
,Yuki
,Yukiharu
,Yukika
,Yukimi
,Yukisada
,Yukiyoshi
,Yuko
,Yukol
,Yukyung
,Yul
,Yulhee
,Yulsu
,Yum
,Yuma
,Yumi
,Yumiko
,Yun
,YunB
,YunKyung
,Yuna
,Yunah
,Yundohun
,Yune
,Yung
,YungSung
,Yunho
,Yunhyeong
,Yunhyoung
,Yuni
,Yunjeong
,Yunjin
,Yunju
,Yunluel
,Yunmo
,Yunok
,Yunseong
,Yunsu
,Yunsub
,Yunsuk
,Yunus
,Yuong
,Yup
,Yuqi
,Yura
,Yurei
,Yuri
,Yuria
,Yuriko
,Yurina
,Yurong
,Yushan
,Yusongi
,Yusoon
,Yusuke
,Yuta
,Yutaka
,Yuto
,Yuttiyong
,Yuu
,Yuuna
,Yuusuke
,Yuuta
,Yuya
,Yuyeol
,Yuyeong
,Yuzu
,Yvan
,Yvonne
,Yûko
,Yûsuke
,Yûya
,Yōko
,Yōsuke
,Yūkichi
,Z.
,Z.Hera
,Z.flat
,ZHAO
,ZN
,ZOA
,ZOBIN
,Zach
,Zachary
,Zackey
,Zai
,Zak
,Zaman
,Zambonini
,Zambrotta
,Zang
,Zanni
,Zanyangg
,Zara
,Zarrouk
,Zavřel
,Zawe
,Zdenek
,Zea
,Zee
,Zenginkinet
,Zenzō
,Zeyu
,Zhai
,Zhan
,Zhang
,Zhao
,Zhe
,Zhen
,Zheng
,Zhengwu
,Zhennian
,Zhernovaya
,Zhi
,Zhiwen
,Zhong
,Zhonghua
,Zhou
,Zhu
,Zhuang
,Zhuo
,Zhuoting
,Zi
,Zico
,Zie
,Ziegel
,Zihan
,Zijun
,Zili
,Zimmer
,Zin
,Zion
,Zion.T
,Zior
,Zitao
,Ziyi
,Ziz
,Zizak
,Zizo
,Zo
,Zoe
,Zoghlami
,Zohra
,Zola
,Zoltán
,Zolzaya
,Zong
,Zoo
,Zooey
,Zuho
,Zuko
,Zuny
,Zuquan
,Zurawski
,Zuzana
,Zèro
,Zůbek
,a
,aan
,ae
,aeng
,ah
,ahn
,ahndro
,aju
,ak
,alang
,am
,an
,ao
,back
,bae
,baek
,bai
,bak
,bang
,bbeum
,be
,bee
,been
,behonce
,beom
,beum
,bi
,bie
,bin
,bit
,black
,bo
,bok
,bom
,bon
,bong
,boo
,boom
,boon
,boong
,btn
,bu
,buem
,bum
,bung
,byeok
,byeol
,byeong
,byuk
,byul
,byung
,bǒm
,c
,cha
,chae
,chaek
,chan
,chang
,chanon
,chanyoung
,che
,chel
,cheol
,cheon
,cheong
,cheool
,cheul
,chi
,chil
,child
,cho
,choen
,choi
,chol
,chon
,chong
,choon
,chul
,chun
,chung
,churn
,chyeo
,cool
,da
,dae
,dal
,dam
,dan
,danbi
,dang
,ddeum
,de
,del
,den
,deok
,der
,deuk
,deul
,djuna
,do
,dok
,dol
,don
,dong
,doo
,doong
,dos
,du
,duck
,duk
,e
,eda
,ee
,eh
,el
,eobchae
,eok
,eol
,eon
,eop
,eui
,eul
,eum
,eun
,eung
,eunja
,eup
,eva
,fai
,ga
,gab
,gae
,gak
,gam
,gan
,gang
,gap
,garl
,gene
,geol
,geom
,geon
,geuk
,geul
,geum
,geun
,gi
,gie
,gil
,gle
,godcolony
,goeng
,gok
,golden
,gon
,gone
,gong
,goo
,goog
,gook
,goon
,grace
,gu
,gue
,guen
,gug
,guk
,gul
,gum
,gun
,gune
,guo
,gwan
,gwang
,gweon
,gwi
,gwol
,gwon
,gy
,gye
,gyel
,gyeol
,gyeom
,gyeon
,gyeong
,gyo
,gyon
,gyong
,gyoo
,gyoon
,gyou
,gyoung
,gyu
,gyul
,gyum
,gyun
,gyung
,h
,ha
,hae
,haeng
,hag
,hak
,hakurova
,ham
,han
,haneul
,hang
,he
,hea
,hee
,hei
,heng
,heoi
,heon
,heop
,heui
,heum
,heun
,heung
,heyon
,hi
,hie
,hik
,hion
,hisMT
,ho
,"ho,"
,hoan
,hoe
,hoeng
,hoi
,hon
,hong
,hoo
,hoon
,houng
,hsiung
,hu
,hua
,huan
,hui
,hun
,hup
,hwa
,hwam
,hwan
,hwang
,hwi
,hwin
,hwon
,hyang
,hye
,hyen
,hyeob
,hyeok
,hyeon
,hyeong
,hyeop
,hyeun
,hyeyoung
,hyo
,hyon
,hyong
,hyouk
,hyoun
,hyoung
,hyub
,hyuck
,hyuk
,hyun
,hyung
,hyup
,hyurk
,i
,iI
,ick
,iee
,ih
,ik
,il
,ill
,im
,in
,ip
,ja
,jabhaln
,jae
,jai
,jak
,jang
,je
,jea
,jee
,jei
,jeok
,jeol
,jeon
,jeong
,jeung
,ji
,jib
,jieun
,jiiiiin
,jik
,jin
,jina
,jini
,jip
,jiu
,jjaturi
,jo
,joe
,jomun
,jong
,joo
,joon
,joong
,joung
,ju
,jun
,june
,jung
,jwin
,kag
,kam
,kang
,kap
,kee
,keol
,keon
,keong
,keum
,keun
,khan
,ki
,kil
,kim
,king
,ko.yo
,kon
,koo
,kook
,koung
,kown
,ku
,kuck
,kuk
,kum
,kun
,kwan
,kwang
,kwon
,kyeom
,kyeong
,kyo
,kyong
,kyoo
,kyoon
,kyoung
,kyu
,kyul
,kyum
,kyun
,kyung
,l
,la
,laam
,lae
,lak
,lam
,lan
,lang
,lb
,le
,lee
,leep
,li
,liang
,lim
,lin
,ling
,ll
,lo
,lok
,long
,lung
,lye
,lyeong
,lyn
,lyol
,lyong
,lyun
,ma
,mae
,mam
,man
,mang
,mareykrap
,me
,mean
,mee
,meen
,mei
,meon
,mi
,mie
,mil
,mim
,min
,minu
,mnin
,mo
,mok
,mon
,mong
,mongu
,moo
,mook
,moon
,motoko
,motoko+HASC
,mu
,muk
,mun
,myeon
,myeong
,myoung
,myun
,myung
,na
,nae
,nah
,nak
,nam
,nan
,nankyeong
,narae
,ne
,nee
,neul
,ni
,nim
,no
,noh
,nok
,nuk
,nya
,nyeo
,nyeon
,nyeong
,nyo
,nyoung
,nyuh
,nyung
,o
,oen
,of
,oh
,ohk
,ok
,ol
,on
,one
,ong
,oo
,ook
,oong
,ou
,pa
,pae
,pai
,pal
,park
,pen
,phil
,pil
,po
,pum
,pung
,pyeong
,pyo
,pyu
,pyung
,qu
,ra
,rae
,rai
,rak
,ram
,ran
,rang
,ree
,reh
,reum
,reun
,rho
,ri
,rie
,rim
,rin
,riol
,rip
,ro
,rock
,roe
,rok
,rom
,ron
,rong
,roo
,ru
,rum
,ry
,ryang
,rye
,ryeo
,ryeok
,ryeol
,ryeom
,ryeon
,ryeong
,ryn
,ryong
,ryoon
,ryoul
,ryoun
,ryoung
,ryul
,ryun
,ryung
,sWAN
,sa
,sae
,saem
,saeng
,sai
,sak
,sal
,sam
,san
,sang
,sarah
,se
,se7en
,seO
,seek
,sel
,sem
,seo
,seob
,seock
,seog
,seok
,seol
,seon
,seong
,seop
,sep
,seph
,seuk
,seul
,seung
,seunghoon
,seungmin
,shang
,shi
,shick
,shik
,shil
,shim
,shin
,shonen
,si
,sic
,sick
,sik
,sil
,sim
,sin
,siren
,sle
,so
,sob
,sol
,som
,son
,song
,soo
,sook
,sool
,soon
,sop
,soul
,sŏng
,su
,sub
,suck
,sug
,suh
,suk
,sul
,sum
,sun
,sung
,sup
,ta
,tack
,tae
,taeg
,taek
,tai
,tak
,tat
,te
,teak
,tong
,tooniverse
,u
,ua
,ui
,uk
,ul
,un
,ung
,up
,van
,vi
,vin
,von
,wai
,wan
,wang
,wee
,weon
,wha
,whan
,whee
,wi
,wit
,wo
,woen
,wol
,won
,wong
,woo
,wooYeon
,wook
,wool
,woon
,woong
,wu
,wuk
,wun
,wung
,xiang
,xooos
,ya
,yan
,yang
,ye
,yea
,yeah
,yee
,yen
,yeo
,yeob
,yeoh
,yeok
,yeol
,yeom
,yeon
,yeong
,yeop
,yeoun
,yeoup
,yeub
,yeul
,yeun
,yeup
,yi
,yin
,yiol
,yo
,yoeng
,yol
,yon
,yong
,yoo
,yook
,yool
,yoon
,yoong
,you
,youl
,youn
,young
,yu
,yuan
,yub
,yuel
,yul
,yull
,yum
,yun
,yung
,yuop
,yup
,za
,zin
,zo
,zonpilone
,zoo
,zu
,zun
,Álex
,Ánh
,Çağlar
,Çetin
,Çetinkaya
,Émile
,Ériq
,Óscar
,Ôkubo
,Öztürk
,Čermák
,Červenka
,İlber
,İsmail
,Ōsato
,Šárka
,Сhigeun
,スナック麻友
,パク・ヘナ
,京熙妍
,何家劲
,成宥利
,朴智妍
,李朗
,李采谭
,林泰佑
,王晓彤
,藤にいな
,赵路
,金大成
,金智妍
,闵智吴
,감수성
,강경훈
,강구한
,강대선
,강물결
,강성범
,강시현
,강양화
,강정수
,강지연
,강한영
,강혁
,강현성
,강호철
,갤러리
,고경희
,고광현
,고맹의
,고선웅
,고윤빈
,고은아
,고흥식
,공수호
,공유석
,곽민준
,곽정화
,구동희
,권성민
,권성욱
,권은지
,권창욱
,권혁준
,권현주
,금마성
,금보
,긴다이치
,김가람
,김게이
,김경범
,김경보
,김경봉
,김경선
,김경세
,김경수
,김경재
,김계옥
,김공수
,김관우
,김기일
,김기호
,김남준
,김대웅
,김대창
,김대현
,김덕영
,김도원
,김동규
,김동명
,김동현
,김래경
,김리원
,김멋지
,김명호
,김모리
,김묘옥
,김묘욱
,김문희
,김미지
,김민솔
,김민욱
,김민준
,김민지
,김민형
,김배근
,김보리
,김서영
,김서윤
,김선
,김선태
,김성곤
,김성원
,김성칠
,김성희
,김세환
,김소희
,김수경
,김수연
,김수하
,김순원
,김승겸
,김승일
,김승한
,김승환
,김신비
,김신혜
,김양
,김영
,김영임
,김영화
,김용수
,김유강
,김윤영
,김윤희
,김율호
,김이랑
,김이지
,김재웅
,김정아
,김정애
,김정우
,김조경
,김종민
,김종아
,김종하
,김주인
,김준수
,김지선
,김지아
,김지훈
,김창석
,김창수
,김채연
,김태원
,김푸름
,김학준
,김한석
,김현동
,김현수
,김현실
,김현주
,김형률
,김혜린
,김호락
,김효정
,나연숙
,나현태
,남궁종현
,남진아
,노지혜
,녹스
,논
,대철
,도모세
,도티
,돌카스
,동현배
,동화
,론다
,루빈
,류권하
,류승진
,리
,리뷰
,마스킹
,마우리시오
,마이너
,명섭
,명수현
,문만세
,문상윤
,문소연
,문수연
,미즈미
,민병채
,민아
,민은경
,민재하
,민정현
,민지근
,민진기
,민창기
,박
,박가연
,박가을
,박경민
,박경주
,박경혜
,박규채
,박다연
,박동하
,박동훈
,박미경
,박민정
,박성재
,박승혜
,박영규
,박영선
,박영우
,박원찬
,박은우
,박인후
,박정근
,박정란
,박정화
,박제영
,박종훈
,박주미
,박주연
,박준오
,박지훈
,박창훈
,박태균
,박태원
,박현선
,박현희
,박효연
,박희강
,밤하늘
,방성훈
,배경
,배미미
,배수연
,배완석
,백선희
,백정철
,백지현
,백지훈
,백진우
,백철기
,버고인
,변영희
,변준석
,변지현
,블리스
,사키
,서아
,서연주
,서예향
,서오름
,서인경
,서지현
,석종서
,선규
,선비와맑음
,선우영건
,설영범
,설운도
,성윤진
,성화연
,소유랑
,소희
,손다겸
,손대균
,손위혁
,손진성
,손창호
,손현수
,송금란
,송도영
,송민규
,송보은
,송인국
,송창의
,스즈키
,스픽뮤직
,시스위
,신동훈
,신세계
,신시아
,신영운
,신유진
,신재원
,신재호
,신정호
,신현덕
,신현철
,신형
,신화철
,심소희
,심태영
,심호섭
,써드코스트
,안도하
,안상미
,안상휘
,안소미
,안제민
,안지혜
,안지환
,안지훈
,알렉사
,알수없는
,양균승
,양현진
,양희준
,엄용수
,엄준성
,엄호정
,에리카
,에스더
,영구아트
,영둥이
,영민
,예린
,오경아
,오동윤
,오선희
,오세희
,오승열
,오영하
,오유나
,오은지
,오인용
,오재학
,오정택
,오카모토
,오콘
,오쿠다
,오현재
,용유수
,우문희
,우수바
,우연희
,우진아
,원명준
,원일
,원화
,원희
,유경선
,유나
,유예진
,유정환
,유주호
,유지만
,유진선
,유철용
,유태계
,유태평양
,유퉁
,유판웅
,유호연
,유후
,유희경
,윤경식
,윤경현
,윤난중
,윤석안
,윤선주
,윤성준
,윤유병
,윤재순
,윤정
,윤지연
,윤진아
,윤찬
,은지혜
,이강탁
,이경수
,이경식
,이규화
,이기도
,이나
,이나경
,이다은
,이대경
,이덕재
,이동준
,이동환
,이로빈
,이로운
,이리단
,이만규
,이만흥
,이명숙
,이묵
,이미경
,이미선
,이민
,이바나
,이병림
,이보미
,이본
,이상민
,이상헌
,이상호
,이상희
,이새봄
,이선영
,이선정
,이선주
,이세영
,이세환
,이송희
,이승렬
,이승빈
,이승현
,이승호
,이연재
,이영식
,이예림
,이예은
,이예지
,이용범
,이유숙
,이은미
,이은영
,이이영
,이인근
,이장운
,이장희
,이재민
,이재은
,이정렬
,이정민
,이종국
,이종한
,이주빈
,이주생
,이준규
,이준영
,이준현
,이지환
,이진영
,이진우
,이진주
,이진화
,이찬
,이창만
,이창우
,이창한
,이채승
,이철
,이하나
,이학빈
,이향숙
,이현주
,이형주
,이혜선
,이호열
,이홍주
,이흥구
,임수림
,임연비
,임재춘
,임정규
,임정화
,임지은
,임창수
,임춘길
,임현수
,임현태
,임형태
,임희숙
,임희철
,장남철
,장두익
,장박하
,장석천
,장석현
,장성
,장시원
,장연식
,장영실
,장영우
,장예지
,장우진
,장유근
,장재웅
,장정진
,장준혁
,장지우
,장희진
,재훈
,잭트니
,전경진
,전성호
,전성훈
,전영신
,전영하
,전제관
,전태수
,전해리
,정구호
,정다운
,정동화
,정미나
,정민서
,정브르
,정상수
,정선희
,정성철
,정슬기
,정아연
,정예람
,정유리
,정을영
,정인섭
,정재연
,정정은
,정지수
,정지후
,정찬훈
,정태운
,정형건
,정환석
,정훈석
,정희중
,제삼열
,제임스
,조계형
,조민주
,조선학
,조성구
,조승훈
,조아라
,조은솔
,조은원
,조이진
,조정민
,조정희
,조진국
,조진아
,조찬주
,조창완
,조혜진
,조희연
,주상규
,주재욱
,주하
,주희
,지미애
,진보미
,진양욱
,진주
,진화
,차준화
,채민지
,채승병
,채아
,채화
,천명현
,천성준
,초희
,최가람
,최광식
,최대웅
,최대진
,최도훈
,최동숙
,최문자
,최병학
,최석재
,최선미
,최성덕
,최수형
,최승일
,최영락
,최영택
,최우석
,최원우
,최유정
,최윤정
,최임경
,최종일
,최주한
,최진아
,최한
,최현선
,최현정
,추대엽
,춘화
,켄이치로
,코완
,크리스토퍼
,킬라그램
,텐
,토모로
,파스칼
,푸디토리움
,하룡이
,하류
,하마자키
,하성훈
,하인숙
,하정윤
,하진수
,하청옥
,한동연
,한복남
,한소리
,한소현
,한승현
,한우진
,한정호
,한지원
,해일이
,허무란
,허수연
,허종열
,허준
,허혜진
,현돈
,현석
,호영옥
,홍상만
,홍상희
,홍수민
,홍신애
,홍은화
,홍지은
,홍지현
,황선길
,황숙미
,황재성
,황하나
,황현근
,황호상
